order_id,product_id,add_to_cart_order,reordered
1,90009,1,0
2,90060,1,0
3,90207,1,0
4,90260,1,0
5,90327,1,0
6,90535,1,0
7,90064,1,0
8,90110,1,0
9,90283,1,0
10,90294,1,0
11,90319,1,0
12,90485,1,0
13,90523,1,0
14,90001,1,0
15,90246,1,0
16,90258,1,0
17,90285,1,0
18,90438,1,0
19,90054,1,0
20,90113,1,0
21,90114,1,0
22,90135,1,0
23,90189,1,0
24,90260,1,0
25,90285,1,0
26,90487,1,0
27,90524,1,0
28,90553,1,0
29,90035,1,0
30,90055,1,0
31,90128,1,0
32,90177,1,0
33,90190,1,0
34,90219,1,0
35,90247,1,0
36,90250,1,0
37,90312,1,0
38,90318,1,0
39,90329,1,0
40,90414,1,0
41,90418,1,0
42,90448,1,0
43,90507,1,0
44,90187,1,0
45,90200,1,0
46,90323,1,0
47,90344,1,0
48,90543,1,0
49,90175,1,0
50,90219,1,0
51,90380,1,0
52,90025,1,0
53,90120,1,0
54,90175,1,0
55,90182,1,0
56,90247,1,0
57,90336,1,0
58,90368,1,0
59,90446,1,0
60,90517,1,0
61,90528,1,0
62,90117,1,0
63,90168,1,0
64,90173,1,0
65,90290,1,0
66,90319,1,0
67,90547,1,0
68,90563,1,0
69,90001,1,0
70,90023,1,0
71,90027,1,0
72,90134,1,0
73,90212,1,0
74,90269,1,0
75,90308,1,0
76,90359,1,0
77,90414,1,0
78,90523,1,0
79,90556,1,0
80,90173,1,0
81,90358,1,0
82,90406,1,0
83,90524,1,0
84,90534,1,0
85,90543,1,0
86,90554,1,0
87,90092,1,0
88,90101,1,0
89,90186,1,0
90,90187,1,0
91,90256,1,0
92,90417,1,0
93,90454,1,0
94,90563,1,0
95,90082,1,0
96,90213,1,0
97,90225,1,0
98,90240,1,0
99,90290,1,0
100,90308,1,0
101,90450,1,0
102,90001,1,0
103,90331,1,0
104,90403,1,0
105,90027,1,0
106,90054,1,0
107,90192,1,0
108,90248,1,0
109,90254,1,0
110,90318,1,0
111,90377,1,0
112,90461,1,0
113,90011,1,0
114,90031,1,0
115,90156,1,0
116,90157,1,0
117,90260,1,0
118,90339,1,0
119,90358,1,0
120,90371,1,0
121,90389,1,0
122,90457,1,0
123,90470,1,0
124,90495,1,0
125,90516,1,0
126,90042,1,0
127,90113,1,0
128,90139,1,0
129,90215,1,0
130,90241,1,0
131,90266,1,0
132,90277,1,0
133,90395,1,0
134,90479,1,0
135,90096,1,0
136,90111,1,0
137,90216,1,0
138,90226,1,0
139,90366,1,0
140,90454,1,0
141,90517,1,0
142,90021,1,0
143,90192,1,0
144,90411,1,0
145,90470,1,0
146,90532,1,0
147,90097,1,0
148,90135,1,0
149,90143,1,0
150,90177,1,0
151,90215,1,0
152,90261,1,0
153,90269,1,0
154,90343,1,0
155,90409,1,0
156,90511,1,0
157,90552,1,0
158,90558,1,0
159,90002,1,0
160,90139,1,0
161,90143,1,0
162,90426,1,0
163,90532,1,0
164,90168,1,0
165,90345,1,0
166,90356,1,0
167,90359,1,0
168,90078,1,0
169,90085,1,0
170,90113,1,0
171,90174,1,0
172,90215,1,0
173,90244,1,0
174,90275,1,0
175,90284,1,0
176,90390,1,0
177,90395,1,0
178,90457,1,0
179,90028,1,0
180,90172,1,0
181,90369,1,0
182,90020,1,0
183,90032,1,0
184,90053,1,0
185,90096,1,0
186,90139,1,0
187,90162,1,0
188,90290,1,0
189,90314,1,0
190,90357,1,0
191,90386,1,0
192,90432,1,0
193,90021,1,0
194,90159,1,0
195,90299,1,0
196,90308,1,0
197,90383,1,0
198,90397,1,0
199,90028,1,0
200,90083,1,0
201,90319,1,0
202,90386,1,0
203,90428,1,0
204,90450,1,0
205,90530,1,0
206,90112,1,0
207,90120,1,0
208,90144,1,0
209,90309,1,0
210,90323,1,0
211,90408,1,0
212,90036,1,0
213,90043,1,0
214,90135,1,0
215,90239,1,0
216,90287,1,0
217,90295,1,0
218,90346,1,0
219,90388,1,0
220,90401,1,0
221,90524,1,0
222,90554,1,0
223,90035,1,0
224,90076,1,0
225,90118,1,0
226,90370,1,0
227,90440,1,0
228,90456,1,0
229,90482,1,0
230,90508,1,0
231,90536,1,0
232,90544,1,0
233,90097,1,0
234,90201,1,0
235,90261,1,0
236,90459,1,0
237,90480,1,0
238,90549,1,0
239,90065,1,0
240,90104,1,0
241,90174,1,0
242,90226,1,0
243,90240,1,0
244,90325,1,0
245,90326,1,0
246,90332,1,0
247,90397,1,0
248,90432,1,0
249,90434,1,0
250,90498,1,0
251,90135,1,0
252,90176,1,0
253,90219,1,0
254,90229,1,0
255,90254,1,0
256,90375,1,0
257,90318,1,0
258,90460,1,0
259,90482,1,0
260,90561,1,0
261,90137,1,0
262,90153,1,0
263,90206,1,0
264,90224,1,0
265,90560,1,0
266,90563,1,0
267,90082,1,0
268,90230,1,0
269,90299,1,0
270,90388,1,0
271,90480,1,0
272,90166,1,0
273,90229,1,0
274,90250,1,0
275,90266,1,0
276,90524,1,0
277,90565,1,0
278,90060,1,0
279,90156,1,0
280,90275,1,0
281,90336,1,0
282,90418,1,0
283,90440,1,0
284,90479,1,0
285,90566,1,0
286,90105,1,0
287,90109,1,0
288,90119,1,0
289,90217,1,0
290,90231,1,0
291,90316,1,0
292,90531,1,0
293,90008,1,0
294,90095,1,0
295,90112,1,0
296,90147,1,0
297,90433,1,0
298,90526,1,0
299,90540,1,0
300,90098,1,0
301,90101,1,0
302,90149,1,0
303,90175,1,0
304,90239,1,0
305,90365,1,0
306,90463,1,0
307,90474,1,0
308,90531,1,0
309,90551,1,0
310,90552,1,0
311,90562,1,0
312,90019,1,0
313,90038,1,0
314,90041,1,0
315,90092,1,0
316,90237,1,0
317,90063,1,0
318,90071,1,0
319,90099,1,0
320,90324,1,0
321,90471,1,0
322,90055,1,0
323,90195,1,0
324,90305,1,0
325,90344,1,0
326,90036,1,0
327,90087,1,0
328,90150,1,0
329,90174,1,0
330,90208,1,0
331,90241,1,0
332,90254,1,0
333,90272,1,0
334,90327,1,0
335,90355,1,0
336,90438,1,0
337,90471,1,0
338,90500,1,0
339,90510,1,0
340,90006,1,0
341,90042,1,0
342,90115,1,0
343,90164,1,0
344,90187,1,0
345,90290,1,0
346,90337,1,0
347,90463,1,0
348,90518,1,0
349,90084,1,0
350,90154,1,0
351,90173,1,0
352,90175,1,0
353,90229,1,0
354,90241,1,0
355,90305,1,0
356,90383,1,0
357,90487,1,0
358,90503,1,0
359,90100,1,0
360,90318,1,0
361,90324,1,0
362,90326,1,0
363,90525,1,0
364,90540,1,0
365,90001,1,0
366,90052,1,0
367,90086,1,0
368,90337,1,0
369,90402,1,0
370,90440,1,0
371,90531,1,0
372,90539,1,0
373,90275,1,0
374,90290,1,0
375,90305,1,0
376,90365,1,0
377,90378,1,0
378,90451,1,0
379,90461,1,0
380,90514,1,0
381,90098,1,0
382,90135,1,0
383,90168,1,0
384,90195,1,0
385,90304,1,0
386,90473,1,0
387,90523,1,0
388,90089,1,0
389,90090,1,0
390,90199,1,0
391,90209,1,0
392,90214,1,0
393,90277,1,0
394,90322,1,0
395,90348,1,0
396,90446,1,0
397,90451,1,0
398,90553,1,0
399,90560,1,0
400,90298,1,0
401,90512,1,0
402,90013,1,0
403,90102,1,0
404,90154,1,0
405,90245,1,0
406,90104,1,0
407,90343,1,0
408,90349,1,0
409,90368,1,0
410,90489,1,0
411,90043,1,0
412,90085,1,0
413,90087,1,0
414,90359,1,0
415,90403,1,0
416,90515,1,0
417,90019,1,0
418,90073,1,0
419,90104,1,0
420,90148,1,0
421,90160,1,0
422,90240,1,0
423,90375,1,0
424,90396,1,0
425,90412,1,0
426,90475,1,0
427,90482,1,0
428,90520,1,0
429,90530,1,0
430,90030,1,0
431,90088,1,0
432,90124,1,0
433,90150,1,0
434,90308,1,0
435,90370,1,0
436,90375,1,0
437,90485,1,0
438,90502,1,0
439,90511,1,0
440,90010,1,0
441,90047,1,0
442,90120,1,0
443,90256,1,0
444,90264,1,0
445,90265,1,0
446,90272,1,0
447,90291,1,0
448,90424,1,0
449,90426,1,0
450,90467,1,0
451,90515,1,0
452,90059,1,0
453,90065,1,0
454,90198,1,0
455,90240,1,0
456,90452,1,0
457,90073,1,0
458,90157,1,0
459,90166,1,0
460,90315,1,0
461,90349,1,0
462,90423,1,0
463,90433,1,0
464,90481,1,0
465,90144,1,0
466,90186,1,0
467,90222,1,0
468,90224,1,0
469,90276,1,0
470,90277,1,0
471,90278,1,0
472,90322,1,0
473,90522,1,0
474,90004,1,0
475,90055,1,0
476,90079,1,0
477,90095,1,0
478,90117,1,0
479,90362,1,0
480,90525,1,0
481,90532,1,0
482,90544,1,0
483,90551,1,0
484,90090,1,0
485,90102,1,0
486,90105,1,0
487,90183,1,0
488,90359,1,0
489,90472,1,0
490,90487,1,0
491,90496,1,0
492,90500,1,0
493,90089,1,0
494,90118,1,0
495,90178,1,0
496,90228,1,0
497,90285,1,0
498,90317,1,0
499,90353,1,0
500,90501,1,0
501,90011,1,0
502,90088,1,0
503,90172,1,0
504,90251,1,0
505,90263,1,0
506,90314,1,0
507,90315,1,0
508,90512,1,0
509,90564,1,0
510,90124,1,0
511,90139,1,0
512,90266,1,0
513,90312,1,0
514,90463,1,0
515,90477,1,0
516,90563,1,0
517,90012,1,0
518,90060,1,0
519,90098,1,0
520,90158,1,0
521,90221,1,0
522,90294,1,0
523,90331,1,0
524,90556,1,0
525,90248,1,0
526,90297,1,0
527,90311,1,0
528,90338,1,0
529,90339,1,0
530,90418,1,0
531,90435,1,0
532,90453,1,0
533,90058,1,0
534,90182,1,0
535,90270,1,0
536,90302,1,0
537,90387,1,0
538,90397,1,0
539,90430,1,0
540,90489,1,0
541,90062,1,0
542,90327,1,0
543,90386,1,0
544,90401,1,0
545,90201,1,0
546,90283,1,0
547,90287,1,0
548,90367,1,0
549,90418,1,0
550,90486,1,0
551,90487,1,0
552,90088,1,0
553,90142,1,0
554,90157,1,0
555,90207,1,0
556,90213,1,0
557,90255,1,0
558,90302,1,0
559,90347,1,0
560,90020,1,0
561,90034,1,0
562,90139,1,0
563,90152,1,0
564,90210,1,0
565,90467,1,0
566,90530,1,0
567,90117,1,0
568,90180,1,0
569,90220,1,0
570,90226,1,0
571,90343,1,0
572,90380,1,0
573,90411,1,0
574,90463,1,0
575,90469,1,0
576,90506,1,0
577,90524,1,0
578,90255,1,0
579,90287,1,0
580,90295,1,0
581,90313,1,0
582,90355,1,0
583,90392,1,0
584,90396,1,0
585,90425,1,0
586,90525,1,0
587,90536,1,0
588,90539,1,0
589,90545,1,0
590,90009,1,0
591,90056,1,0
592,90122,1,0
593,90132,1,0
594,90141,1,0
595,90366,1,0
596,90462,1,0
597,90536,1,0
598,90017,1,0
599,90026,1,0
600,90056,1,0
601,90062,1,0
602,90072,1,0
603,90279,1,0
604,90385,1,0
605,90449,1,0
606,90032,1,0
607,90069,1,0
608,90131,1,0
609,90247,1,0
610,90288,1,0
611,90300,1,0
612,90363,1,0
613,90439,1,0
614,90502,1,0
615,90012,1,0
616,90080,1,0
617,90083,1,0
618,90153,1,0
619,90157,1,0
620,90182,1,0
621,90220,1,0
622,90342,1,0
623,90370,1,0
624,90379,1,0
625,90407,1,0
626,90481,1,0
627,90559,1,0
628,90003,1,0
629,90012,1,0
630,90083,1,0
631,90102,1,0
632,90149,1,0
633,90164,1,0
634,90187,1,0
635,90369,1,0
636,90459,1,0
637,90524,1,0
638,90558,1,0
639,90135,1,0
640,90315,1,0
641,90322,1,0
642,90337,1,0
643,90357,1,0
644,90449,1,0
645,90460,1,0
646,90511,1,0
647,90525,1,0
648,90175,1,0
649,90197,1,0
650,90262,1,0
651,90374,1,0
652,90440,1,0
653,90525,1,0
654,90036,1,0
655,90105,1,0
656,90251,1,0
657,90324,1,0
658,90473,1,0
659,90475,1,0
660,90477,1,0
661,90484,1,0
662,90086,1,0
663,90300,1,0
664,90488,1,0
665,90117,1,0
666,90192,1,0
667,90213,1,0
668,90226,1,0
669,90249,1,0
670,90289,1,0
671,90445,1,0
672,90477,1,0
673,90520,1,0
674,90250,1,0
675,90311,1,0
676,90323,1,0
677,90415,1,0
678,90434,1,0
679,90437,1,0
680,90510,1,0
681,90072,1,0
682,90223,1,0
683,90273,1,0
684,90437,1,0
685,90012,1,0
686,90061,1,0
687,90096,1,0
688,90175,1,0
689,90201,1,0
690,90246,1,0
691,90304,1,0
692,90416,1,0
693,90444,1,0
694,90462,1,0
695,90480,1,0
696,90545,1,0
697,90047,1,0
698,90341,1,0
699,90050,1,0
700,90114,1,0
701,90157,1,0
702,90173,1,0
703,90181,1,0
704,90225,1,0
705,90410,1,0
706,90445,1,0
707,90480,1,0
708,90500,1,0
709,90515,1,0
710,90522,1,0
711,90525,1,0
712,90533,1,0
713,90025,1,0
714,90095,1,0
715,90103,1,0
716,90207,1,0
717,90345,1,0
718,90354,1,0
719,90394,1,0
720,90452,1,0
721,90555,1,0
722,90013,1,0
723,90051,1,0
724,90107,1,0
725,90196,1,0
726,90255,1,0
727,90430,1,0
728,90478,1,0
729,90562,1,0
730,90011,1,0
731,90025,1,0
732,90046,1,0
733,90097,1,0
734,90165,1,0
735,90177,1,0
736,90238,1,0
737,90266,1,0
738,90279,1,0
739,90312,1,0
740,90521,1,0
741,90553,1,0
742,90001,1,0
743,90002,1,0
744,90035,1,0
745,90107,1,0
746,90205,1,0
747,90322,1,0
748,90420,1,0
749,90493,1,0
750,90076,1,0
751,90172,1,0
752,90247,1,0
753,90270,1,0
754,90273,1,0
755,90282,1,0
756,90383,1,0
757,90409,1,0
758,90481,1,0
759,90510,1,0
760,90527,1,0
761,90551,1,0
762,90555,1,0
763,90010,1,0
764,90065,1,0
765,90160,1,0
766,90167,1,0
767,90295,1,0
768,90320,1,0
769,90553,1,0
770,90083,1,0
771,90194,1,0
772,90234,1,0
773,90322,1,0
774,90409,1,0
775,90506,1,0
776,90529,1,0
777,90020,1,0
778,90059,1,0
779,90061,1,0
780,90068,1,0
781,90149,1,0
782,90173,1,0
783,90196,1,0
784,90241,1,0
785,90247,1,0
786,90425,1,0
787,90426,1,0
788,90485,1,0
789,90513,1,0
790,90551,1,0
791,90196,1,0
792,90424,1,0
793,90463,1,0
794,90502,1,0
795,90287,1,0
796,90556,1,0
797,90114,1,0
798,90129,1,0
799,90180,1,0
800,90193,1,0
801,90475,1,0
802,90551,1,0
803,90012,1,0
804,90077,1,0
805,90089,1,0
806,90164,1,0
807,90243,1,0
808,90244,1,0
809,90269,1,0
810,90318,1,0
811,90340,1,0
812,90362,1,0
813,90396,1,0
814,90536,1,0
815,90540,1,0
816,90166,1,0
817,90238,1,0
818,90426,1,0
819,90526,1,0
820,90534,1,0
821,90554,1,0
822,90131,1,0
823,90213,1,0
824,90260,1,0
825,90270,1,0
826,90312,1,0
827,90414,1,0
828,90565,1,0
829,90135,1,0
830,90295,1,0
831,90346,1,0
832,90396,1,0
833,90425,1,0
834,90454,1,0
835,90131,1,0
836,90319,1,0
837,90346,1,0
838,90382,1,0
839,90537,1,0
840,90540,1,0
841,90118,1,0
842,90188,1,0
843,90244,1,0
844,90343,1,0
845,90377,1,0
846,90424,1,0
847,90462,1,0
848,90491,1,0
849,90066,1,0
850,90214,1,0
851,90291,1,0
852,90298,1,0
853,90329,1,0
854,90520,1,0
855,90148,1,0
856,90168,1,0
857,90236,1,0
858,90247,1,0
859,90267,1,0
860,90272,1,0
861,90281,1,0
862,90377,1,0
863,90479,1,0
864,90528,1,0
865,90540,1,0
866,90197,1,0
867,90307,1,0
868,90331,1,0
869,90391,1,0
870,90565,1,0
871,90024,1,0
872,90091,1,0
873,90144,1,0
874,90171,1,0
875,90268,1,0
876,90283,1,0
877,90367,1,0
878,90450,1,0
879,90516,1,0
880,90013,1,0
881,90016,1,0
882,90088,1,0
883,90175,1,0
884,90182,1,0
885,90199,1,0
886,90262,1,0
887,90284,1,0
888,90329,1,0
889,90375,1,0
890,90393,1,0
891,90422,1,0
892,90487,1,0
893,90008,1,0
894,90049,1,0
895,90073,1,0
896,90110,1,0
897,90147,1,0
898,90190,1,0
899,90226,1,0
900,90302,1,0
901,90376,1,0
902,90449,1,0
903,90523,1,0
904,90052,1,0
905,90231,1,0
906,90237,1,0
907,90291,1,0
908,90298,1,0
909,90331,1,0
910,90522,1,0
911,90031,1,0
912,90281,1,0
913,90311,1,0
914,90378,1,0
915,90501,1,0
916,90002,1,0
917,90034,1,0
918,90132,1,0
919,90230,1,0
920,90234,1,0
921,90294,1,0
922,90302,1,0
923,90011,1,0
924,90023,1,0
925,90283,1,0
926,90297,1,0
927,90373,1,0
928,90375,1,0
929,90382,1,0
930,90019,1,0
931,90062,1,0
932,90141,1,0
933,90256,1,0
934,90260,1,0
935,90271,1,0
936,90347,1,0
937,90351,1,0
938,90477,1,0
939,90015,1,0
940,90029,1,0
941,90061,1,0
942,90112,1,0
943,90192,1,0
944,90230,1,0
945,90333,1,0
946,90413,1,0
947,90430,1,0
948,90493,1,0
949,90531,1,0
950,90030,1,0
951,90149,1,0
952,90278,1,0
953,90326,1,0
954,90397,1,0
955,90408,1,0
956,90443,1,0
957,90502,1,0
958,90514,1,0
959,90530,1,0
960,90160,1,0
961,90222,1,0
962,90231,1,0
963,90250,1,0
964,90263,1,0
965,90386,1,0
966,90510,1,0
967,90046,1,0
968,90201,1,0
969,90385,1,0
970,90544,1,0
971,90548,1,0
972,90026,1,0
973,90049,1,0
974,90061,1,0
975,90077,1,0
976,90080,1,0
977,90081,1,0
978,90115,1,0
979,90225,1,0
980,90337,1,0
981,90418,1,0
982,90463,1,0
983,90005,1,0
984,90103,1,0
985,90114,1,0
986,90274,1,0
987,90416,1,0
988,90540,1,0
989,90043,1,0
990,90062,1,0
991,90115,1,0
992,90130,1,0
993,90165,1,0
994,90374,1,0
995,90421,1,0
996,90474,1,0
997,90506,1,0
998,90073,1,0
999,90097,1,0
1000,90102,1,0
1001,90359,1,0
1002,90400,1,0
1003,90418,1,0
1004,90430,1,0
1005,90467,1,0
1006,90474,1,0
1007,90048,1,0
1008,90073,1,0
1009,90089,1,0
1010,90150,1,0
1011,90208,1,0
1012,90238,1,0
1013,90405,1,0
1014,90429,1,0
1015,90452,1,0
1016,90565,1,0
1017,90010,1,0
1018,90061,1,0
1019,90294,1,0
1020,90541,1,0
1021,90559,1,0
1022,90001,1,0
1023,90047,1,0
1024,90061,1,0
1025,90117,1,0
1026,90169,1,0
1027,90334,1,0
1028,90411,1,0
1029,90495,1,0
1030,90001,1,0
1031,90014,1,0
1032,90064,1,0
1033,90077,1,0
1034,90091,1,0
1035,90106,1,0
1036,90170,1,0
1037,90214,1,0
1038,90285,1,0
1039,90288,1,0
1040,90374,1,0
1041,90502,1,0
1042,90528,1,0
1043,90123,1,0
1044,90220,1,0
1045,90241,1,0
1046,90283,1,0
1047,90320,1,0
1048,90497,1,0
1049,90115,1,0
1050,90144,1,0
1051,90176,1,0
1052,90269,1,0
1053,90307,1,0
1054,90506,1,0
1055,90517,1,0
1056,90007,1,0
1057,90133,1,0
1058,90429,1,0
1059,90011,1,0
1060,90079,1,0
1061,90087,1,0
1062,90104,1,0
1063,90149,1,0
1064,90229,1,0
1065,90261,1,0
1066,90465,1,0
1067,90048,1,0
1068,90084,1,0
1069,90130,1,0
1070,90162,1,0
1071,90331,1,0
1072,90337,1,0
1073,90362,1,0
1074,90394,1,0
1075,90404,1,0
1076,90416,1,0
1077,90440,1,0
1078,90455,1,0
1079,90050,1,0
1080,90141,1,0
1081,90239,1,0
1082,90390,1,0
1083,90428,1,0
1084,90431,1,0
1085,90525,1,0
1086,90165,1,0
1087,90179,1,0
1088,90228,1,0
1089,90343,1,0
1090,90371,1,0
1091,90396,1,0
1092,90400,1,0
1093,90425,1,0
1094,90465,1,0
1095,90047,1,0
1096,90133,1,0
1097,90210,1,0
1098,90219,1,0
1099,90462,1,0
1100,90472,1,0
1101,90027,1,0
1102,90117,1,0
1103,90165,1,0
1104,90195,1,0
1105,90283,1,0
1106,90316,1,0
1107,90368,1,0
1108,90430,1,0
1109,90438,1,0
1110,90444,1,0
1111,90467,1,0
1112,90486,1,0
1113,90038,1,0
1114,90250,1,0
1115,90290,1,0
1116,90416,1,0
1117,90564,1,0
1118,90063,1,0
1119,90065,1,0
1120,90070,1,0
1121,90144,1,0
1122,90316,1,0
1123,90347,1,0
1124,90375,1,0
1125,90478,1,0
1126,90554,1,0
1127,90010,1,0
1128,90203,1,0
1129,90303,1,0
1130,90359,1,0
1131,90460,1,0
1132,90534,1,0
1133,90538,1,0
1134,90100,1,0
1135,90111,1,0
1136,90276,1,0
1137,90320,1,0
1138,90379,1,0
1139,90483,1,0
1140,90512,1,0
1141,90536,1,0
1142,90540,1,0
1143,90310,1,0
1144,90314,1,0
1145,90528,1,0
1146,90015,1,0
1147,90066,1,0
1148,90095,1,0
1149,90117,1,0
1150,90140,1,0
1151,90146,1,0
1152,90172,1,0
1153,90187,1,0
1154,90214,1,0
1155,90230,1,0
1156,90258,1,0
1157,90263,1,0
1158,90353,1,0
1159,90464,1,0
1160,90104,1,0
1161,90156,1,0
1162,90329,1,0
1163,90334,1,0
1164,90409,1,0
1165,90431,1,0
1166,90016,1,0
1167,90024,1,0
1168,90045,1,0
1169,90065,1,0
1170,90112,1,0
1171,90115,1,0
1172,90118,1,0
1173,90146,1,0
1174,90188,1,0
1175,90246,1,0
1176,90263,1,0
1177,90265,1,0
1178,90271,1,0
1179,90319,1,0
1180,90341,1,0
1181,90400,1,0
1182,90422,1,0
1183,90187,1,0
1184,90223,1,0
1185,90250,1,0
1186,90259,1,0
1187,90487,1,0
1188,90005,1,0
1189,90085,1,0
1190,90108,1,0
1191,90220,1,0
1192,90371,1,0
1193,90457,1,0
1194,90491,1,0
1195,90527,1,0
1196,90546,1,0
1197,90553,1,0
1198,90070,1,0
1199,90075,1,0
1200,90093,1,0
1201,90128,1,0
1202,90163,1,0
1203,90238,1,0
1204,90244,1,0
1205,90261,1,0
1206,90325,1,0
1207,90330,1,0
1208,90347,1,0
1209,90444,1,0
1210,90462,1,0
1211,90468,1,0
1212,90101,1,0
1213,90163,1,0
1214,90173,1,0
1215,90185,1,0
1216,90188,1,0
1217,90195,1,0
1218,90212,1,0
1219,90247,1,0
1220,90301,1,0
1221,90332,1,0
1222,90383,1,0
1223,90430,1,0
1224,90476,1,0
1225,90480,1,0
1226,90501,1,0
1227,90028,1,0
1228,90051,1,0
1229,90116,1,0
1230,90173,1,0
1231,90279,1,0
1232,90322,1,0
1233,90566,1,0
1234,90031,1,0
1235,90037,1,0
1236,90066,1,0
1237,90082,1,0
1238,90110,1,0
1239,90147,1,0
1240,90149,1,0
1241,90152,1,0
1242,90307,1,0
1243,90340,1,0
1244,90468,1,0
1245,90469,1,0
1246,90478,1,0
1247,90510,1,0
1248,90563,1,0
1249,90074,1,0
1250,90103,1,0
1251,90176,1,0
1252,90207,1,0
1253,90242,1,0
1254,90335,1,0
1255,90032,1,0
1256,90065,1,0
1257,90193,1,0
1258,90211,1,0
1259,90332,1,0
1260,90339,1,0
1261,90431,1,0
1262,90129,1,0
1263,90162,1,0
1264,90163,1,0
1265,90291,1,0
1266,90441,1,0
1267,90444,1,0
1268,90478,1,0
1269,90141,1,0
1270,90172,1,0
1271,90258,1,0
1272,90269,1,0
1273,90425,1,0
1274,90461,1,0
1275,90475,1,0
1276,90476,1,0
1277,90511,1,0
1278,90023,1,0
1279,90205,1,0
1280,90235,1,0
1281,90312,1,0
1282,90491,1,0
1283,90528,1,0
1284,90073,1,0
1285,90366,1,0
1286,90374,1,0
1287,90406,1,0
1288,90073,1,0
1289,90354,1,0
1290,90420,1,0
1291,90444,1,0
1292,90542,1,0
1293,90563,1,0
1294,90066,1,0
1295,90126,1,0
1296,90199,1,0
1297,90266,1,0
1298,90446,1,0
1299,90455,1,0
1300,90059,1,0
1301,90173,1,0
1302,90177,1,0
1303,90406,1,0
1304,90494,1,0
1305,90031,1,0
1306,90151,1,0
1307,90190,1,0
1308,90300,1,0
1309,90312,1,0
1310,90341,1,0
1311,90387,1,0
1312,90437,1,0
1313,90441,1,0
1314,90468,1,0
1315,90529,1,0
1316,90091,1,0
1317,90156,1,0
1318,90225,1,0
1319,90294,1,0
1320,90346,1,0
1321,90524,1,0
1322,90559,1,0
1323,90012,1,0
1324,90162,1,0
1325,90194,1,0
1326,90222,1,0
1327,90224,1,0
1328,90242,1,0
1329,90295,1,0
1330,90352,1,0
1331,90368,1,0
1332,90370,1,0
1333,90377,1,0
1334,90394,1,0
1335,90065,1,0
1336,90311,1,0
1337,90444,1,0
1338,90523,1,0
1339,90112,1,0
1340,90192,1,0
1341,90254,1,0
1342,90306,1,0
1343,90339,1,0
1344,90357,1,0
1345,90404,1,0
1346,90421,1,0
1347,90424,1,0
1348,90456,1,0
1349,90045,1,0
1350,90196,1,0
1351,90295,1,0
1352,90058,1,0
1353,90122,1,0
1354,90148,1,0
1355,90164,1,0
1356,90169,1,0
1357,90296,1,0
1358,90462,1,0
1359,90549,1,0
1360,90117,1,0
1361,90320,1,0
1362,90399,1,0
1363,90500,1,0
1364,90093,1,0
1365,90276,1,0
1366,90342,1,0
1367,90408,1,0
1368,90425,1,0
1369,90426,1,0
1370,90463,1,0
1371,90490,1,0
1372,90546,1,0
1373,90115,1,0
1374,90173,1,0
1375,90452,1,0
1376,90561,1,0
1377,90007,1,0
1378,90072,1,0
1379,90083,1,0
1380,90169,1,0
1381,90246,1,0
1382,90255,1,0
1383,90373,1,0
1384,90544,1,0
1385,90043,1,0
1386,90329,1,0
1387,90337,1,0
1388,90385,1,0
1389,90399,1,0
1390,90445,1,0
1391,90446,1,0
1392,90536,1,0
1393,90540,1,0
1394,90074,1,0
1395,90256,1,0
1396,90278,1,0
1397,90319,1,0
1398,90362,1,0
1399,90364,1,0
1400,90456,1,0
1401,90518,1,0
1402,90091,1,0
1403,90092,1,0
1404,90140,1,0
1405,90194,1,0
1406,90221,1,0
1407,90237,1,0
1408,90358,1,0
1409,90525,1,0
1410,90532,1,0
1411,90006,1,0
1412,90042,1,0
1413,90150,1,0
1414,90167,1,0
1415,90237,1,0
1416,90313,1,0
1417,90336,1,0
1418,90441,1,0
1419,90521,1,0
1420,90535,1,0
1421,90020,1,0
1422,90148,1,0
1423,90222,1,0
1424,90258,1,0
1425,90341,1,0
1426,90549,1,0
1427,90011,1,0
1428,90082,1,0
1429,90086,1,0
1430,90098,1,0
1431,90128,1,0
1432,90248,1,0
1433,90274,1,0
1434,90314,1,0
1435,90319,1,0
1436,90363,1,0
1437,90430,1,0
1438,90294,1,0
1439,90329,1,0
1440,90426,1,0
1441,90440,1,0
1442,90479,1,0
1443,90559,1,0
1444,90013,1,0
1445,90032,1,0
1446,90072,1,0
1447,90127,1,0
1448,90222,1,0
1449,90343,1,0
1450,90426,1,0
1451,90459,1,0
1452,90014,1,0
1453,90121,1,0
1454,90203,1,0
1455,90211,1,0
1456,90281,1,0
1457,90429,1,0
1458,90557,1,0
1459,90005,1,0
1460,90045,1,0
1461,90142,1,0
1462,90182,1,0
1463,90203,1,0
1464,90281,1,0
1465,90344,1,0
1466,90376,1,0
1467,90487,1,0
1468,90503,1,0
1469,90530,1,0
1470,90538,1,0
1471,90552,1,0
1472,90082,1,0
1473,90104,1,0
1474,90182,1,0
1475,90230,1,0
1476,90251,1,0
1477,90332,1,0
1478,90478,1,0
1479,90500,1,0
1480,90566,1,0
1481,90102,1,0
1482,90132,1,0
1483,90209,1,0
1484,90246,1,0
1485,90300,1,0
1486,90322,1,0
1487,90372,1,0
1488,90001,1,0
1489,90013,1,0
1490,90070,1,0
1491,90105,1,0
1492,90382,1,0
1493,90400,1,0
1494,90500,1,0
1495,90104,1,0
1496,90117,1,0
1497,90332,1,0
1498,90421,1,0
1499,90516,1,0
1500,90111,1,0
1501,90172,1,0
1502,90252,1,0
1503,90268,1,0
1504,90138,1,0
1505,90286,1,0
1506,90305,1,0
1507,90368,1,0
1508,90518,1,0
1509,90085,1,0
1510,90158,1,0
1511,90183,1,0
1512,90204,1,0
1513,90283,1,0
1514,90518,1,0
1515,90553,1,0
1516,90108,1,0
1517,90126,1,0
1518,90139,1,0
1519,90147,1,0
1520,90446,1,0
1521,90464,1,0
1522,90481,1,0
1523,90054,1,0
1524,90137,1,0
1525,90236,1,0
1526,90293,1,0
1527,90362,1,0
1528,90366,1,0
1529,90442,1,0
1530,90445,1,0
1531,90526,1,0
1532,90046,1,0
1533,90153,1,0
1534,90201,1,0
1535,90441,1,0
1536,90447,1,0
1537,90524,1,0
1538,90005,1,0
1539,90012,1,0
1540,90023,1,0
1541,90105,1,0
1542,90241,1,0
1543,90287,1,0
1544,90374,1,0
1545,90449,1,0
1546,90519,1,0
1547,90548,1,0
1548,90060,1,0
1549,90117,1,0
1550,90119,1,0
1551,90136,1,0
1552,90244,1,0
1553,90254,1,0
1554,90323,1,0
1555,90376,1,0
1556,90552,1,0
1557,90553,1,0
1558,90141,1,0
1559,90153,1,0
1560,90172,1,0
1561,90173,1,0
1562,90229,1,0
1563,90263,1,0
1564,90491,1,0
1565,90511,1,0
1566,90521,1,0
1567,90563,1,0
1568,90029,1,0
1569,90081,1,0
1570,90134,1,0
1571,90237,1,0
1572,90240,1,0
1573,90250,1,0
1574,90310,1,0
1575,90346,1,0
1576,90404,1,0
1577,90430,1,0
1578,90490,1,0
1579,90494,1,0
1580,90501,1,0
1581,90024,1,0
1582,90086,1,0
1583,90203,1,0
1584,90435,1,0
1585,90500,1,0
1586,90510,1,0
1587,90515,1,0
1588,90048,1,0
1589,90145,1,0
1590,90202,1,0
1591,90283,1,0
1592,90318,1,0
1593,90337,1,0
1594,90416,1,0
1595,90524,1,0
1596,90526,1,0
1597,90154,1,0
1598,90229,1,0
1599,90316,1,0
1600,90514,1,0
1601,90539,1,0
1602,90556,1,0
1603,90022,1,0
1604,90026,1,0
1605,90031,1,0
1606,90061,1,0
1607,90078,1,0
1608,90130,1,0
1609,90223,1,0
1610,90232,1,0
1611,90324,1,0
1612,90399,1,0
1613,90483,1,0
1614,90555,1,0
1615,90015,1,0
1616,90118,1,0
1617,90129,1,0
1618,90151,1,0
1619,90217,1,0
1620,90311,1,0
1621,90471,1,0
1622,90049,1,0
1623,90241,1,0
1624,90270,1,0
1625,90330,1,0
1626,90347,1,0
1627,90377,1,0
1628,90422,1,0
1629,90510,1,0
1630,90010,1,0
1631,90011,1,0
1632,90218,1,0
1633,90255,1,0
1634,90429,1,0
1635,90439,1,0
1636,90552,1,0
1637,90001,1,0
1638,90177,1,0
1639,90291,1,0
1640,90308,1,0
1641,90462,1,0
1642,90016,1,0
1643,90021,1,0
1644,90075,1,0
1645,90103,1,0
1646,90217,1,0
1647,90329,1,0
1648,90434,1,0
1649,90435,1,0
1650,90032,1,0
1651,90042,1,0
1652,90054,1,0
1653,90088,1,0
1654,90352,1,0
1655,90459,1,0
1656,90566,1,0
1657,90074,1,0
1658,90417,1,0
1659,90458,1,0
1660,90526,1,0
1661,90016,1,0
1662,90058,1,0
1663,90247,1,0
1664,90294,1,0
1665,90304,1,0
1666,90334,1,0
1667,90372,1,0
1668,90539,1,0
1669,90107,1,0
1670,90108,1,0
1671,90137,1,0
1672,90144,1,0
1673,90282,1,0
1674,90300,1,0
1675,90357,1,0
1676,90431,1,0
1677,90445,1,0
1678,90001,1,0
1679,90081,1,0
1680,90090,1,0
1681,90114,1,0
1682,90118,1,0
1683,90150,1,0
1684,90308,1,0
1685,90353,1,0
1686,90397,1,0
1687,90422,1,0
1688,90488,1,0
1689,90032,1,0
1690,90066,1,0
1691,90205,1,0
1692,90235,1,0
1693,90300,1,0
1694,90385,1,0
1695,90562,1,0
1696,90014,1,0
1697,90112,1,0
1698,90199,1,0
1699,90345,1,0
1700,90366,1,0
1701,90372,1,0
1702,90487,1,0
1703,90043,1,0
1704,90121,1,0
1705,90132,1,0
1706,90215,1,0
1707,90222,1,0
1708,90285,1,0
1709,90304,1,0
1710,90357,1,0
1711,90447,1,0
1712,90475,1,0
1713,90214,1,0
1714,90289,1,0
1715,90322,1,0
1716,90334,1,0
1717,90339,1,0
1718,90360,1,0
1719,90403,1,0
1720,90429,1,0
1721,90494,1,0
1722,90017,1,0
1723,90085,1,0
1724,90134,1,0
1725,90266,1,0
1726,90364,1,0
1727,90373,1,0
1728,90380,1,0
1729,90433,1,0
1730,90527,1,0
1731,90175,1,0
1732,90260,1,0
1733,90327,1,0
1734,90435,1,0
1735,90494,1,0
1736,90006,1,0
1737,90036,1,0
1738,90082,1,0
1739,90107,1,0
1740,90137,1,0
1741,90236,1,0
1742,90249,1,0
1743,90292,1,0
1744,90351,1,0
1745,90384,1,0
1746,90425,1,0
1747,90003,1,0
1748,90033,1,0
1749,90068,1,0
1750,90070,1,0
1751,90138,1,0
1752,90142,1,0
1753,90175,1,0
1754,90195,1,0
1755,90228,1,0
1756,90272,1,0
1757,90318,1,0
1758,90341,1,0
1759,90356,1,0
1760,90441,1,0
1761,90531,1,0
1762,90538,1,0
1763,90547,1,0
1764,90002,1,0
1765,90094,1,0
1766,90178,1,0
1767,90240,1,0
1768,90300,1,0
1769,90312,1,0
1770,90375,1,0
1771,90383,1,0
1772,90386,1,0
1773,90407,1,0
1774,90435,1,0
1775,90479,1,0
1776,90510,1,0
1777,90518,1,0
1778,90536,1,0
1779,90038,1,0
1780,90040,1,0
1781,90060,1,0
1782,90150,1,0
1783,90175,1,0
1784,90270,1,0
1785,90373,1,0
1786,90404,1,0
1787,90406,1,0
1788,90422,1,0
1789,90535,1,0
1790,90021,1,0
1791,90056,1,0
1792,90060,1,0
1793,90087,1,0
1794,90273,1,0
1795,90276,1,0
1796,90287,1,0
1797,90407,1,0
1798,90424,1,0
1799,90435,1,0
1800,90436,1,0
1801,90037,1,0
1802,90151,1,0
1803,90183,1,0
1804,90226,1,0
1805,90231,1,0
1806,90298,1,0
1807,90321,1,0
1808,90440,1,0
1809,90441,1,0
1810,90502,1,0
1811,90552,1,0
1812,90012,1,0
1813,90066,1,0
1814,90283,1,0
1815,90307,1,0
1816,90339,1,0
1817,90441,1,0
1818,90452,1,0
1819,90469,1,0
1820,90493,1,0
1821,90522,1,0
1822,90547,1,0
1823,90197,1,0
1824,90223,1,0
1825,90353,1,0
1826,90377,1,0
1827,90399,1,0
1828,90501,1,0
1829,90125,1,0
1830,90155,1,0
1831,90198,1,0
1832,90218,1,0
1833,90514,1,0
1834,90552,1,0
1835,90051,1,0
1836,90064,1,0
1837,90072,1,0
1838,90122,1,0
1839,90186,1,0
1840,90191,1,0
1841,90220,1,0
1842,90258,1,0
1843,90261,1,0
1844,90353,1,0
1845,90365,1,0
1846,90431,1,0
1847,90437,1,0
1848,90002,1,0
1849,90051,1,0
1850,90077,1,0
1851,90135,1,0
1852,90238,1,0
1853,90298,1,0
1854,90303,1,0
1855,90398,1,0
1856,90425,1,0
1857,90438,1,0
1858,90448,1,0
1859,90028,1,0
1860,90187,1,0
1861,90292,1,0
1862,90458,1,0
1863,90461,1,0
1864,90527,1,0
1865,90006,1,0
1866,90070,1,0
1867,90109,1,0
1868,90143,1,0
1869,90188,1,0
1870,90225,1,0
1871,90448,1,0
1872,90538,1,0
1873,90009,1,0
1874,90066,1,0
1875,90147,1,0
1876,90182,1,0
1877,90183,1,0
1878,90305,1,0
1879,90370,1,0
1880,90437,1,0
1881,90446,1,0
1882,90492,1,0
1883,90552,1,0
1884,90107,1,0
1885,90110,1,0
1886,90197,1,0
1887,90238,1,0
1888,90265,1,0
1889,90294,1,0
1890,90316,1,0
1891,90484,1,0
1892,90501,1,0
1893,90085,1,0
1894,90086,1,0
1895,90199,1,0
1896,90309,1,0
1897,90356,1,0
1898,90378,1,0
1899,90393,1,0
1900,90409,1,0
1901,90056,1,0
1902,90238,1,0
1903,90360,1,0
1904,90451,1,0
1905,90472,1,0
1906,90490,1,0
1907,90495,1,0
1908,90004,1,0
1909,90011,1,0
1910,90128,1,0
1911,90261,1,0
1912,90317,1,0
1913,90331,1,0
1914,90366,1,0
1915,90475,1,0
1916,90513,1,0
1917,90559,1,0
1918,90010,1,0
1919,90059,1,0
1920,90137,1,0
1921,90153,1,0
1922,90161,1,0
1923,90202,1,0
1924,90218,1,0
1925,90227,1,0
1926,90331,1,0
1927,90504,1,0
1928,90007,1,0
1929,90096,1,0
1930,90207,1,0
1931,90313,1,0
1932,90526,1,0
1933,90528,1,0
1934,90539,1,0
1935,90016,1,0
1936,90178,1,0
1937,90183,1,0
1938,90315,1,0
1939,90388,1,0
1940,90352,1,0
1941,90377,1,0
1942,90388,1,0
1943,90432,1,0
1944,90459,1,0
1945,90464,1,0
1946,90502,1,0
1947,90525,1,0
1948,90015,1,0
1949,90049,1,0
1950,90098,1,0
1951,90374,1,0
1952,90393,1,0
1953,90404,1,0
1954,90435,1,0
1955,90542,1,0
1956,90020,1,0
1957,90194,1,0
1958,90469,1,0
1959,90003,1,0
1960,90064,1,0
1961,90132,1,0
1962,90194,1,0
1963,90247,1,0
1964,90360,1,0
1965,90415,1,0
1966,90058,1,0
1967,90093,1,0
1968,90232,1,0
1969,90244,1,0
1970,90286,1,0
1971,90386,1,0
1972,90412,1,0
1973,90463,1,0
1974,90563,1,0
1975,90152,1,0
1976,90292,1,0
1977,90298,1,0
1978,90370,1,0
1979,90401,1,0
1980,90473,1,0
1981,90552,1,0
1982,90110,1,0
1983,90123,1,0
1984,90189,1,0
1985,90200,1,0
1986,90255,1,0
1987,90262,1,0
1988,90298,1,0
1989,90418,1,0
1990,90436,1,0
1991,90468,1,0
1992,90504,1,0
1993,90508,1,0
1994,90522,1,0
1995,90017,1,0
1996,90139,1,0
1997,90144,1,0
1998,90406,1,0
1999,90437,1,0
2000,90448,1,0
2001,90050,1,0
2002,90122,1,0
2003,90178,1,0
2004,90282,1,0
2005,90539,1,0
2006,90545,1,0
2007,90564,1,0
2008,90006,1,0
2009,90201,1,0
2010,90223,1,0
2011,90272,1,0
2012,90421,1,0
2013,90427,1,0
2014,90482,1,0
2015,90566,1,0
2016,90029,1,0
2017,90032,1,0
2018,90082,1,0
2019,90128,1,0
2020,90207,1,0
2021,90295,1,0
2022,90488,1,0
2023,90491,1,0
2024,90504,1,0
2025,90033,1,0
2026,90148,1,0
2027,90156,1,0
2028,90205,1,0
2029,90434,1,0
2030,90556,1,0
2031,90064,1,0
2032,90156,1,0
2033,90170,1,0
2034,90295,1,0
2035,90385,1,0
2036,90425,1,0
2037,90508,1,0
2038,90557,1,0
2039,90559,1,0
2040,90120,1,0
2041,90144,1,0
2042,90291,1,0
2043,90305,1,0
2044,90413,1,0
2045,90519,1,0
2046,90271,1,0
2047,90376,1,0
2048,90382,1,0
2049,90488,1,0
2050,90044,1,0
2051,90134,1,0
2052,90161,1,0
2053,90167,1,0
2054,90345,1,0
2055,90395,1,0
2056,90542,1,0
2057,90007,1,0
2058,90099,1,0
2059,90106,1,0
2060,90345,1,0
2061,90401,1,0
2062,90419,1,0
2063,90478,1,0
2064,90481,1,0
2065,90098,1,0
2066,90212,1,0
2067,90343,1,0
2068,90393,1,0
2069,90080,1,0
2070,90151,1,0
2071,90184,1,0
2072,90280,1,0
2073,90545,1,0
2074,90563,1,0
2075,90139,1,0
2076,90187,1,0
2077,90235,1,0
2078,90289,1,0
2079,90320,1,0
2080,90497,1,0
2081,90501,1,0
2082,90055,1,0
2083,90162,1,0
2084,90163,1,0
2085,90312,1,0
2086,90454,1,0
2087,90483,1,0
2088,90162,1,0
2089,90317,1,0
2090,90319,1,0
2091,90326,1,0
2092,90371,1,0
2093,90500,1,0
2094,90025,1,0
2095,90034,1,0
2096,90073,1,0
2097,90083,1,0
2098,90170,1,0
2099,90286,1,0
2100,90350,1,0
2101,90433,1,0
2102,90449,1,0
2103,90469,1,0
2104,90032,1,0
2105,90250,1,0
2106,90268,1,0
2107,90333,1,0
2108,90367,1,0
2109,90405,1,0
2110,90467,1,0
2111,90500,1,0
2112,90024,1,0
2113,90072,1,0
2114,90166,1,0
2115,90491,1,0
2116,90535,1,0
2117,90065,1,0
2118,90070,1,0
2119,90145,1,0
2120,90182,1,0
2121,90370,1,0
2122,90387,1,0
2123,90418,1,0
2124,90489,1,0
2125,90499,1,0
2126,90096,1,0
2127,90126,1,0
2128,90144,1,0
2129,90173,1,0
2130,90259,1,0
2131,90315,1,0
2132,90430,1,0
2133,90450,1,0
2134,90508,1,0
2135,90002,1,0
2136,90034,1,0
2137,90251,1,0
2138,90039,1,0
2139,90074,1,0
2140,90254,1,0
2141,90296,1,0
2142,90320,1,0
2143,90404,1,0
2144,90024,1,0
2145,90040,1,0
2146,90162,1,0
2147,90239,1,0
2148,90326,1,0
2149,90388,1,0
2150,90541,1,0
2151,90069,1,0
2152,90122,1,0
2153,90230,1,0
2154,90312,1,0
2155,90326,1,0
2156,90337,1,0
2157,90449,1,0
2158,90044,1,0
2159,90168,1,0
2160,90268,1,0
2161,90383,1,0
2162,90417,1,0
2163,90460,1,0
2164,90461,1,0
2165,90008,1,0
2166,90011,1,0
2167,90078,1,0
2168,90144,1,0
2169,90324,1,0
2170,90428,1,0
2171,90460,1,0
2172,90496,1,0
2173,90169,1,0
2174,90364,1,0
2175,90419,1,0
2176,90439,1,0
2177,90565,1,0
2178,90045,1,0
2179,90078,1,0
2180,90173,1,0
2181,90246,1,0
2182,90367,1,0
2183,90397,1,0
2184,90402,1,0
2185,90462,1,0
2186,90551,1,0
2187,90193,1,0
2188,90195,1,0
2189,90541,1,0
2190,90015,1,0
2191,90045,1,0
2192,90203,1,0
2193,90265,1,0
2194,90268,1,0
2195,90317,1,0
2196,90322,1,0
2197,90323,1,0
2198,90351,1,0
2199,90392,1,0
2200,90410,1,0
2201,90416,1,0
2202,90463,1,0
2203,90501,1,0
2204,90040,1,0
2205,90048,1,0
2206,90054,1,0
2207,90085,1,0
2208,90087,1,0
2209,90112,1,0
2210,90168,1,0
2211,90177,1,0
2212,90252,1,0
2213,90343,1,0
2214,90506,1,0
2215,90009,1,0
2216,90174,1,0
2217,90343,1,0
2218,90349,1,0
2219,90377,1,0
2220,90393,1,0
2221,90014,1,0
2222,90041,1,0
2223,90066,1,0
2224,90089,1,0
2225,90116,1,0
2226,90166,1,0
2227,90207,1,0
2228,90227,1,0
2229,90233,1,0
2230,90247,1,0
2231,90252,1,0
2232,90259,1,0
2233,90282,1,0
2234,90354,1,0
2235,90363,1,0
2236,90392,1,0
2237,90398,1,0
2238,90407,1,0
2239,90420,1,0
2240,90506,1,0
2241,90525,1,0
2242,90020,1,0
2243,90036,1,0
2244,90064,1,0
2245,90072,1,0
2246,90108,1,0
2247,90110,1,0
2248,90118,1,0
2249,90214,1,0
2250,90244,1,0
2251,90280,1,0
2252,90449,1,0
2253,90084,1,0
2254,90301,1,0
2255,90336,1,0
2256,90065,1,0
2257,90125,1,0
2258,90196,1,0
2259,90292,1,0
2260,90412,1,0
2261,90418,1,0
2262,90439,1,0
2263,90501,1,0
2264,90007,1,0
2265,90061,1,0
2266,90190,1,0
2267,90403,1,0
2268,90092,1,0
2269,90093,1,0
2270,90116,1,0
2271,90122,1,0
2272,90187,1,0
2273,90263,1,0
2274,90353,1,0
2275,90373,1,0
2276,90412,1,0
2277,90457,1,0
2278,90556,1,0
2279,90133,1,0
2280,90209,1,0
2281,90345,1,0
2282,90393,1,0
2283,90400,1,0
2284,90439,1,0
2285,90443,1,0
2286,90558,1,0
2287,90126,1,0
2288,90144,1,0
2289,90287,1,0
2290,90416,1,0
2291,90431,1,0
2292,90455,1,0
2293,90470,1,0
2294,90010,1,0
2295,90290,1,0
2296,90316,1,0
2297,90345,1,0
2298,90354,1,0
2299,90402,1,0
2300,90251,1,0
2301,90266,1,0
2302,90281,1,0
2303,90339,1,0
2304,90414,1,0
2305,90538,1,0
2306,90037,1,0
2307,90174,1,0
2308,90186,1,0
2309,90193,1,0
2310,90254,1,0
2311,90260,1,0
2312,90402,1,0
2313,90411,1,0
2314,90486,1,0
2315,90545,1,0
2316,90551,1,0
2317,90096,1,0
2318,90118,1,0
2319,90316,1,0
2320,90439,1,0
2321,90465,1,0
2322,90468,1,0
2323,90480,1,0
2324,90481,1,0
2325,90042,1,0
2326,90052,1,0
2327,90063,1,0
2328,90068,1,0
2329,90092,1,0
2330,90110,1,0
2331,90422,1,0
2332,90452,1,0
2333,90453,1,0
2334,90018,1,0
2335,90026,1,0
2336,90031,1,0
2337,90121,1,0
2338,90165,1,0
2339,90166,1,0
2340,90198,1,0
2341,90230,1,0
2342,90283,1,0
2343,90431,1,0
2344,90455,1,0
2345,90463,1,0
2346,90510,1,0
2347,90009,1,0
2348,90063,1,0
2349,90083,1,0
2350,90088,1,0
2351,90165,1,0
2352,90177,1,0
2353,90317,1,0
2354,90325,1,0
2355,90392,1,0
2356,90398,1,0
2357,90399,1,0
2358,90476,1,0
2359,90520,1,0
2360,90522,1,0
2361,90538,1,0
2362,90558,1,0
2363,90068,1,0
2364,90220,1,0
2365,90366,1,0
2366,90374,1,0
2367,90520,1,0
2368,90521,1,0
2369,90130,1,0
2370,90175,1,0
2371,90261,1,0
2372,90265,1,0
2373,90269,1,0
2374,90343,1,0
2375,90369,1,0
2376,90410,1,0
2377,90437,1,0
2378,90444,1,0
2379,90471,1,0
2380,90481,1,0
2381,90517,1,0
2382,90094,1,0
2383,90230,1,0
2384,90416,1,0
2385,90479,1,0
2386,90501,1,0
2387,90522,1,0
2388,90523,1,0
2389,90547,1,0
2390,90168,1,0
2391,90215,1,0
2392,90318,1,0
2393,90361,1,0
2394,90367,1,0
2395,90431,1,0
2396,90549,1,0
2397,90128,1,0
2398,90215,1,0
2399,90265,1,0
2400,90294,1,0
2401,90323,1,0
2402,90449,1,0
2403,90482,1,0
2404,90492,1,0
2405,90508,1,0
2406,90074,1,0
2407,90114,1,0
2408,90117,1,0
2409,90138,1,0
2410,90151,1,0
2411,90212,1,0
2412,90222,1,0
2413,90007,1,0
2414,90088,1,0
2415,90115,1,0
2416,90169,1,0
2417,90238,1,0
2418,90306,1,0
2419,90323,1,0
2420,90329,1,0
2421,90350,1,0
2422,90375,1,0
2423,90411,1,0
2424,90532,1,0
2425,90538,1,0
2426,90562,1,0
2427,90073,1,0
2428,90112,1,0
2429,90164,1,0
2430,90175,1,0
2431,90207,1,0
2432,90243,1,0
2433,90255,1,0
2434,90261,1,0
2435,90294,1,0
2436,90320,1,0
2437,90032,1,0
2438,90259,1,0
2439,90386,1,0
2440,90525,1,0
2441,90048,1,0
2442,90298,1,0
2443,90316,1,0
2444,90319,1,0
2445,90550,1,0
2446,90556,1,0
2447,90090,1,0
2448,90111,1,0
2449,90198,1,0
2450,90258,1,0
2451,90330,1,0
2452,90382,1,0
2453,90465,1,0
2454,90514,1,0
2455,90539,1,0
2456,90541,1,0
2457,90035,1,0
2458,90068,1,0
2459,90070,1,0
2460,90117,1,0
2461,90310,1,0
2462,90321,1,0
2463,90001,1,0
2464,90011,1,0
2465,90034,1,0
2466,90168,1,0
2467,90196,1,0
2468,90327,1,0
2469,90339,1,0
2470,90047,1,0
2471,90068,1,0
2472,90278,1,0
2473,90372,1,0
2474,90391,1,0
2475,90518,1,0
2476,90113,1,0
2477,90152,1,0
2478,90175,1,0
2479,90196,1,0
2480,90222,1,0
2481,90235,1,0
2482,90274,1,0
2483,90448,1,0
2484,90037,1,0
2485,90074,1,0
2486,90171,1,0
2487,90178,1,0
2488,90207,1,0
2489,90535,1,0
2490,90555,1,0
2491,90015,1,0
2492,90211,1,0
2493,90230,1,0
2494,90234,1,0
2495,90309,1,0
2496,90349,1,0
2497,90393,1,0
2498,90426,1,0
2499,90557,1,0
2500,90044,1,0
2501,90113,1,0
2502,90228,1,0
2503,90270,1,0
2504,90343,1,0
2505,90426,1,0
2506,90501,1,0
2507,90046,1,0
2508,90161,1,0
2509,90169,1,0
2510,90356,1,0
2511,90403,1,0
2512,90410,1,0
2513,90451,1,0
2514,90486,1,0
2515,90492,1,0
2516,90508,1,0
2517,90068,1,0
2518,90177,1,0
2519,90206,1,0
2520,90228,1,0
2521,90381,1,0
2522,90467,1,0
2523,90539,1,0
2524,90109,1,0
2525,90152,1,0
2526,90235,1,0
2527,90488,1,0
2528,90178,1,0
2529,90210,1,0
2530,90312,1,0
2531,90314,1,0
2532,90315,1,0
2533,90400,1,0
2534,90439,1,0
2535,90542,1,0
2536,90021,1,0
2537,90023,1,0
2538,90091,1,0
2539,90206,1,0
2540,90282,1,0
2541,90326,1,0
2542,90336,1,0
2543,90369,1,0
2544,90424,1,0
2545,90425,1,0
2546,90524,1,0
2547,90072,1,0
2548,90093,1,0
2549,90105,1,0
2550,90110,1,0
2551,90150,1,0
2552,90236,1,0
2553,90290,1,0
2554,90413,1,0
2555,90427,1,0
2556,90090,1,0
2557,90107,1,0
2558,90236,1,0
2559,90242,1,0
2560,90282,1,0
2561,90379,1,0
2562,90402,1,0
2563,90439,1,0
2564,90111,1,0
2565,90147,1,0
2566,90167,1,0
2567,90235,1,0
2568,90270,1,0
2569,90294,1,0
2570,90403,1,0
2571,90407,1,0
2572,90518,1,0
2573,90004,1,0
2574,90084,1,0
2575,90142,1,0
2576,90151,1,0
2577,90205,1,0
2578,90218,1,0
2579,90260,1,0
2580,90436,1,0
2581,90477,1,0
2582,90540,1,0
2583,90070,1,0
2584,90081,1,0
2585,90130,1,0
2586,90161,1,0
2587,90187,1,0
2588,90247,1,0
2589,90354,1,0
2590,90448,1,0
2591,90113,1,0
2592,90156,1,0
2593,90333,1,0
2594,90356,1,0
2595,90419,1,0
2596,90442,1,0
2597,90496,1,0
2598,90003,1,0
2599,90005,1,0
2600,90145,1,0
2601,90310,1,0
2602,90331,1,0
2603,90449,1,0
2604,90014,1,0
2605,90058,1,0
2606,90109,1,0
2607,90130,1,0
2608,90153,1,0
2609,90282,1,0
2610,90339,1,0
2611,90385,1,0
2612,90445,1,0
2613,90496,1,0
2614,90499,1,0
2615,90164,1,0
2616,90355,1,0
2617,90423,1,0
2618,90431,1,0
2619,90046,1,0
2620,90070,1,0
2621,90110,1,0
2622,90121,1,0
2623,90150,1,0
2624,90298,1,0
2625,90300,1,0
2626,90330,1,0
2627,90351,1,0
2628,90363,1,0
2629,90418,1,0
2630,90420,1,0
2631,90467,1,0
2632,90547,1,0
2633,90554,1,0
2634,90030,1,0
2635,90136,1,0
2636,90152,1,0
2637,90276,1,0
2638,90382,1,0
2639,90410,1,0
2640,90063,1,0
2641,90081,1,0
2642,90110,1,0
2643,90250,1,0
2644,90293,1,0
2645,90365,1,0
2646,90521,1,0
2647,90007,1,0
2648,90085,1,0
2649,90171,1,0
2650,90305,1,0
2651,90323,1,0
2652,90338,1,0
2653,90365,1,0
2654,90376,1,0
2655,90406,1,0
2656,90013,1,0
2657,90128,1,0
2658,90135,1,0
2659,90252,1,0
2660,90504,1,0
2661,90523,1,0
2662,90524,1,0
2663,90535,1,0
2664,90084,1,0
2665,90306,1,0
2666,90349,1,0
2667,90363,1,0
2668,90478,1,0
2669,90002,1,0
2670,90038,1,0
2671,90041,1,0
2672,90048,1,0
2673,90060,1,0
2674,90081,1,0
2675,90167,1,0
2676,90239,1,0
2677,90247,1,0
2678,90288,1,0
2679,90444,1,0
2680,90451,1,0
2681,90520,1,0
2682,90531,1,0
2683,90029,1,0
2684,90079,1,0
2685,90146,1,0
2686,90272,1,0
2687,90324,1,0
2688,90338,1,0
2689,90345,1,0
2690,90481,1,0
2691,90563,1,0
2692,90023,1,0
2693,90163,1,0
2694,90436,1,0
2695,90438,1,0
2696,90147,1,0
2697,90291,1,0
2698,90447,1,0
2699,90535,1,0
2700,90548,1,0
2701,90549,1,0
2702,90116,1,0
2703,90155,1,0
2704,90379,1,0
2705,90415,1,0
2706,90456,1,0
2707,90523,1,0
2708,90016,1,0
2709,90081,1,0
2710,90108,1,0
2711,90425,1,0
2712,90449,1,0
2713,90463,1,0
2714,90475,1,0
2715,90006,1,0
2716,90018,1,0
2717,90062,1,0
2718,90144,1,0
2719,90377,1,0
2720,90459,1,0
2721,90496,1,0
2722,90047,1,0
2723,90100,1,0
2724,90462,1,0
2725,90472,1,0
2726,90480,1,0
2727,90489,1,0
2728,90490,1,0
2729,90182,1,0
2730,90185,1,0
2731,90246,1,0
2732,90379,1,0
2733,90516,1,0
2734,90564,1,0
2735,90020,1,0
2736,90021,1,0
2737,90024,1,0
2738,90071,1,0
2739,90096,1,0
2740,90118,1,0
2741,90132,1,0
2742,90219,1,0
2743,90244,1,0
2744,90281,1,0
2745,90337,1,0
2746,90374,1,0
2747,90450,1,0
2748,90466,1,0
2749,90044,1,0
2750,90073,1,0
2751,90125,1,0
2752,90160,1,0
2753,90196,1,0
2754,90243,1,0
2755,90271,1,0
2756,90328,1,0
2757,90336,1,0
2758,90492,1,0
2759,90117,1,0
2760,90286,1,0
2761,90507,1,0
2762,90082,1,0
2763,90137,1,0
2764,90228,1,0
2765,90315,1,0
2766,90345,1,0
2767,90372,1,0
2768,90493,1,0
2769,90554,1,0
2770,90217,1,0
2771,90345,1,0
2772,90471,1,0
2773,90092,1,0
2774,90141,1,0
2775,90421,1,0
2776,90441,1,0
2777,90458,1,0
2778,90459,1,0
2779,90476,1,0
2780,90507,1,0
2781,90528,1,0
2782,90076,1,0
2783,90122,1,0
2784,90204,1,0
2785,90228,1,0
2786,90308,1,0
2787,90316,1,0
2788,90333,1,0
2789,90366,1,0
2790,90427,1,0
2791,90537,1,0
2792,90097,1,0
2793,90214,1,0
2794,90360,1,0
2795,90363,1,0
2796,90388,1,0
2797,90417,1,0
2798,90547,1,0
2799,90551,1,0
2800,90555,1,0
2801,90104,1,0
2802,90257,1,0
2803,90293,1,0
2804,90327,1,0
2805,90355,1,0
2806,90504,1,0
2807,90368,1,0
2808,90427,1,0
2809,90455,1,0
2810,90465,1,0
2811,90020,1,0
2812,90136,1,0
2813,90238,1,0
2814,90259,1,0
2815,90331,1,0
2816,90382,1,0
2817,90426,1,0
2818,90457,1,0
2819,90508,1,0
2820,90032,1,0
2821,90047,1,0
2822,90073,1,0
2823,90292,1,0
2824,90328,1,0
2825,90433,1,0
2826,90462,1,0
2827,90468,1,0
2828,90471,1,0
2829,90042,1,0
2830,90044,1,0
2831,90097,1,0
2832,90198,1,0
2833,90206,1,0
2834,90282,1,0
2835,90416,1,0
2836,90427,1,0
2837,90436,1,0
2838,90028,1,0
2839,90062,1,0
2840,90063,1,0
2841,90078,1,0
2842,90170,1,0
2843,90212,1,0
2844,90242,1,0
2845,90372,1,0
2846,90534,1,0
2847,90536,1,0
2848,90027,1,0
2849,90079,1,0
2850,90154,1,0
2851,90283,1,0
2852,90295,1,0
2853,90387,1,0
2854,90565,1,0
2855,90023,1,0
2856,90052,1,0
2857,90128,1,0
2858,90213,1,0
2859,90343,1,0
2860,90366,1,0
2861,90373,1,0
2862,90386,1,0
2863,90410,1,0
2864,90421,1,0
2865,90423,1,0
2866,90540,1,0
2867,90170,1,0
2868,90368,1,0
2869,90408,1,0
2870,90421,1,0
2871,90424,1,0
2872,90456,1,0
2873,90487,1,0
2874,90501,1,0
2875,90039,1,0
2876,90076,1,0
2877,90145,1,0
2878,90224,1,0
2879,90226,1,0
2880,90255,1,0
2881,90328,1,0
2882,90346,1,0
2883,90448,1,0
2884,90003,1,0
2885,90018,1,0
2886,90070,1,0
2887,90287,1,0
2888,90331,1,0
2889,90078,1,0
2890,90084,1,0
2891,90213,1,0
2892,90398,1,0
2893,90406,1,0
2894,90438,1,0
2895,90480,1,0
2896,90525,1,0
2897,90529,1,0
2898,90555,1,0
2899,90558,1,0
2900,90559,1,0
2901,90020,1,0
2902,90025,1,0
2903,90164,1,0
2904,90194,1,0
2905,90288,1,0
2906,90302,1,0
2907,90318,1,0
2908,90025,1,0
2909,90237,1,0
2910,90331,1,0
2911,90334,1,0
2912,90557,1,0
2913,90011,1,0
2914,90105,1,0
2915,90123,1,0
2916,90210,1,0
2917,90232,1,0
2918,90264,1,0
2919,90278,1,0
2920,90328,1,0
2921,90347,1,0
2922,90356,1,0
2923,90449,1,0
2924,90529,1,0
2925,90012,1,0
2926,90040,1,0
2927,90269,1,0
2928,90300,1,0
2929,90306,1,0
2930,90379,1,0
2931,90396,1,0
2932,90501,1,0
2933,90559,1,0
2934,90121,1,0
2935,90148,1,0
2936,90150,1,0
2937,90168,1,0
2938,90191,1,0
2939,90316,1,0
2940,90349,1,0
2941,90371,1,0
2942,90402,1,0
2943,90482,1,0
2944,90492,1,0
2945,90551,1,0
2946,90020,1,0
2947,90075,1,0
2948,90081,1,0
2949,90119,1,0
2950,90143,1,0
2951,90161,1,0
2952,90162,1,0
2953,90170,1,0
2954,90187,1,0
2955,90293,1,0
2956,90303,1,0
2957,90334,1,0
2958,90364,1,0
2959,90365,1,0
2960,90391,1,0
2961,90550,1,0
2962,90559,1,0
2963,90044,1,0
2964,90118,1,0
2965,90150,1,0
2966,90188,1,0
2967,90279,1,0
2968,90298,1,0
2969,90330,1,0
2970,90450,1,0
2971,90455,1,0
2972,90540,1,0
2973,90554,1,0
2974,90566,1,0
2975,90139,1,0
2976,90140,1,0
2977,90247,1,0
2978,90337,1,0
2979,90448,1,0
2980,90494,1,0
2981,90507,1,0
2982,90529,1,0
2983,90555,1,0
2984,90566,1,0
2985,90015,1,0
2986,90055,1,0
2987,90198,1,0
2988,90266,1,0
2989,90392,1,0
2990,90467,1,0
2991,90498,1,0
2992,90105,1,0
2993,90125,1,0
2994,90144,1,0
2995,90204,1,0
2996,90373,1,0
2997,90502,1,0
2998,90002,1,0
2999,90026,1,0
3000,90065,1,0
3001,90406,1,0
3002,90419,1,0
3003,90439,1,0
3004,90454,1,0
3005,90079,1,0
3006,90186,1,0
3007,90261,1,0
3008,90338,1,0
3009,90345,1,0
3010,90551,1,0
3011,90566,1,0
3012,90034,1,0
3013,90088,1,0
3014,90126,1,0
3015,90189,1,0
3016,90237,1,0
3017,90302,1,0
3018,90313,1,0
3019,90449,1,0
3020,90528,1,0
3021,90002,1,0
3022,90090,1,0
3023,90159,1,0
3024,90165,1,0
3025,90168,1,0
3026,90210,1,0
3027,90259,1,0
3028,90317,1,0
3029,90345,1,0
3030,90377,1,0
3031,90505,1,0
3032,90551,1,0
3033,90554,1,0
3034,90172,1,0
3035,90272,1,0
3036,90277,1,0
3037,90337,1,0
3038,90345,1,0
3039,90361,1,0
3040,90363,1,0
3041,90481,1,0
3042,90546,1,0
3043,90013,1,0
3044,90133,1,0
3045,90135,1,0
3046,90191,1,0
3047,90237,1,0
3048,90356,1,0
3049,90461,1,0
3050,90534,1,0
3051,90551,1,0
3052,90014,1,0
3053,90017,1,0
3054,90115,1,0
3055,90326,1,0
3056,90433,1,0
3057,90521,1,0
3058,90057,1,0
3059,90068,1,0
3060,90167,1,0
3061,90273,1,0
3062,90282,1,0
3063,90355,1,0
3064,90516,1,0
3065,90008,1,0
3066,90009,1,0
3067,90013,1,0
3068,90046,1,0
3069,90142,1,0
3070,90241,1,0
3071,90244,1,0
3072,90370,1,0
3073,90506,1,0
3074,90017,1,0
3075,90057,1,0
3076,90086,1,0
3077,90240,1,0
3078,90302,1,0
3079,90305,1,0
3080,90325,1,0
3081,90470,1,0
3082,90489,1,0
3083,90496,1,0
3084,90137,1,0
3085,90426,1,0
3086,90474,1,0
3087,90531,1,0
3088,90001,1,0
3089,90015,1,0
3090,90061,1,0
3091,90150,1,0
3092,90165,1,0
3093,90235,1,0
3094,90240,1,0
3095,90309,1,0
3096,90330,1,0
3097,90470,1,0
3098,90480,1,0
3099,90093,1,0
3100,90098,1,0
3101,90157,1,0
3102,90158,1,0
3103,90299,1,0
3104,90502,1,0
3105,90513,1,0
3106,90523,1,0
3107,90556,1,0
3108,90021,1,0
3109,90124,1,0
3110,90236,1,0
3111,90269,1,0
3112,90287,1,0
3113,90548,1,0
3114,90565,1,0
3115,90068,1,0
3116,90070,1,0
3117,90087,1,0
3118,90116,1,0
3119,90171,1,0
3120,90194,1,0
3121,90200,1,0
3122,90308,1,0
3123,90342,1,0
3124,90362,1,0
3125,90412,1,0
3126,90502,1,0
3127,90078,1,0
3128,90085,1,0
3129,90097,1,0
3130,90179,1,0
3131,90237,1,0
3132,90343,1,0
3133,90406,1,0
3134,90563,1,0
3135,90005,1,0
3136,90013,1,0
3137,90015,1,0
3138,90107,1,0
3139,90161,1,0
3140,90196,1,0
3141,90538,1,0
3142,90029,1,0
3143,90049,1,0
3144,90155,1,0
3145,90185,1,0
3146,90189,1,0
3147,90274,1,0
3148,90279,1,0
3149,90281,1,0
3150,90342,1,0
3151,90362,1,0
3152,90368,1,0
3153,90402,1,0
3154,90533,1,0
3155,90035,1,0
3156,90144,1,0
3157,90191,1,0
3158,90261,1,0
3159,90286,1,0
3160,90299,1,0
3161,90370,1,0
3162,90444,1,0
3163,90538,1,0
3164,90038,1,0
3165,90060,1,0
3166,90078,1,0
3167,90175,1,0
3168,90177,1,0
3169,90278,1,0
3170,90300,1,0
3171,90373,1,0
3172,90470,1,0
3173,90496,1,0
3174,90556,1,0
3175,90004,1,0
3176,90068,1,0
3177,90118,1,0
3178,90127,1,0
3179,90224,1,0
3180,90305,1,0
3181,90333,1,0
3182,90346,1,0
3183,90402,1,0
3184,90434,1,0
3185,90071,1,0
3186,90112,1,0
3187,90145,1,0
3188,90369,1,0
3189,90386,1,0
3190,90492,1,0
3191,90555,1,0
3192,90159,1,0
3193,90166,1,0
3194,90280,1,0
3195,90383,1,0
3196,90397,1,0
3197,90484,1,0
3198,90516,1,0
3199,90519,1,0
3200,90558,1,0
3201,90564,1,0
3202,90046,1,0
3203,90118,1,0
3204,90167,1,0
3205,90294,1,0
3206,90452,1,0
3207,90032,1,0
3208,90057,1,0
3209,90098,1,0
3210,90175,1,0
3211,90198,1,0
3212,90201,1,0
3213,90245,1,0
3214,90277,1,0
3215,90566,1,0
3216,90173,1,0
3217,90243,1,0
3218,90249,1,0
3219,90254,1,0
3220,90293,1,0
3221,90294,1,0
3222,90342,1,0
3223,90348,1,0
3224,90370,1,0
3225,90377,1,0
3226,90419,1,0
3227,90037,1,0
3228,90141,1,0
3229,90254,1,0
3230,90314,1,0
3231,90347,1,0
3232,90435,1,0
3233,90532,1,0
3234,90542,1,0
3235,90549,1,0
3236,90005,1,0
3237,90027,1,0
3238,90162,1,0
3239,90306,1,0
3240,90347,1,0
3241,90441,1,0
3242,90010,1,0
3243,90060,1,0
3244,90136,1,0
3245,90224,1,0
3246,90356,1,0
3247,90372,1,0
3248,90477,1,0
3249,90500,1,0
3250,90163,1,0
3251,90175,1,0
3252,90193,1,0
3253,90247,1,0
3254,90249,1,0
3255,90285,1,0
3256,90314,1,0
3257,90352,1,0
3258,90363,1,0
3259,90541,1,0
3260,90169,1,0
3261,90195,1,0
3262,90205,1,0
3263,90262,1,0
3264,90365,1,0
3265,90466,1,0
3266,90476,1,0
3267,90549,1,0
3268,90021,1,0
3269,90035,1,0
3270,90150,1,0
3271,90387,1,0
3272,90421,1,0
3273,90488,1,0
3274,90548,1,0
3275,90550,1,0
3276,90129,1,0
3277,90228,1,0
3278,90270,1,0
3279,90313,1,0
3280,90406,1,0
3281,90449,1,0
3282,90170,1,0
3283,90182,1,0
3284,90227,1,0
3285,90247,1,0
3286,90342,1,0
3287,90493,1,0
3288,90062,1,0
3289,90216,1,0
3290,90377,1,0
3291,90381,1,0
3292,90452,1,0
3293,90501,1,0
3294,90530,1,0
3295,90063,1,0
3296,90248,1,0
3297,90266,1,0
3298,90304,1,0
3299,90456,1,0
3300,90471,1,0
3301,90509,1,0
3302,90518,1,0
3303,90060,1,0
3304,90194,1,0
3305,90211,1,0
3306,90259,1,0
3307,90276,1,0
3308,90324,1,0
3309,90332,1,0
3310,90413,1,0
3311,90039,1,0
3312,90148,1,0
3313,90276,1,0
3314,90328,1,0
3315,90110,1,0
3316,90146,1,0
3317,90180,1,0
3318,90228,1,0
3319,90249,1,0
3320,90261,1,0
3321,90276,1,0
3322,90381,1,0
3323,90540,1,0
3324,90008,1,0
3325,90271,1,0
3326,90403,1,0
3327,90437,1,0
3328,90455,1,0
3329,90464,1,0
3330,90518,1,0
3331,90523,1,0
3332,90030,1,0
3333,90080,1,0
3334,90104,1,0
3335,90219,1,0
3336,90261,1,0
3337,90286,1,0
3338,90324,1,0
3339,90426,1,0
3340,90521,1,0
3341,90103,1,0
3342,90321,1,0
3343,90351,1,0
3344,90191,1,0
3345,90215,1,0
3346,90272,1,0
3347,90340,1,0
3348,90345,1,0
3349,90383,1,0
3350,90441,1,0
3351,90552,1,0
3352,90073,1,0
3353,90153,1,0
3354,90172,1,0
3355,90202,1,0
3356,90394,1,0
3357,90453,1,0
3358,90454,1,0
3359,90544,1,0
3360,90562,1,0
3361,90008,1,0
3362,90041,1,0
3363,90059,1,0
3364,90079,1,0
3365,90120,1,0
3366,90146,1,0
3367,90191,1,0
3368,90237,1,0
3369,90250,1,0
3370,90331,1,0
3371,90334,1,0
3372,90404,1,0
3373,90407,1,0
3374,90408,1,0
3375,90431,1,0
3376,90461,1,0
3377,90505,1,0
3378,90051,1,0
3379,90117,1,0
3380,90155,1,0
3381,90206,1,0
3382,90215,1,0
3383,90369,1,0
3384,90399,1,0
3385,90408,1,0
3386,90449,1,0
3387,90084,1,0
3388,90165,1,0
3389,90190,1,0
3390,90254,1,0
3391,90363,1,0
3392,90409,1,0
3393,90004,1,0
3394,90087,1,0
3395,90162,1,0
3396,90185,1,0
3397,90206,1,0
3398,90254,1,0
3399,90438,1,0
3400,90546,1,0
3401,90023,1,0
3402,90065,1,0
3403,90082,1,0
3404,90126,1,0
3405,90171,1,0
3406,90199,1,0
3407,90323,1,0
3408,90377,1,0
3409,90428,1,0
3410,90440,1,0
3411,90472,1,0
3412,90489,1,0
3413,90525,1,0
3414,90077,1,0
3415,90105,1,0
3416,90111,1,0
3417,90228,1,0
3418,90235,1,0
3419,90259,1,0
3420,90304,1,0
3421,90548,1,0
3422,90071,1,0
3423,90234,1,0
3424,90332,1,0
3425,90341,1,0
3426,90357,1,0
3427,90419,1,0
3428,90490,1,0
3429,90067,1,0
3430,90151,1,0
3431,90345,1,0
3432,90371,1,0
3433,90431,1,0
3434,90443,1,0
3435,90001,1,0
3436,90182,1,0
3437,90376,1,0
3438,90387,1,0
3439,90390,1,0
3440,90482,1,0
3441,90522,1,0
3442,90541,1,0
3443,90385,1,0
3444,90402,1,0
3445,90441,1,0
3446,90059,1,0
3447,90066,1,0
3448,90072,1,0
3449,90180,1,0
3450,90226,1,0
3451,90228,1,0
3452,90235,1,0
3453,90342,1,0
3454,90418,1,0
3455,90475,1,0
3456,90491,1,0
3457,90525,1,0
3458,90554,1,0
3459,90085,1,0
3460,90117,1,0
3461,90178,1,0
3462,90248,1,0
3463,90307,1,0
3464,90361,1,0
3465,90489,1,0
3466,90539,1,0
3467,90331,1,0
3468,90353,1,0
3469,90409,1,0
3470,90498,1,0
3471,90519,1,0
3472,90550,1,0
3473,90050,1,0
3474,90093,1,0
3475,90134,1,0
3476,90200,1,0
3477,90295,1,0
3478,90304,1,0
3479,90435,1,0
3480,90025,1,0
3481,90084,1,0
3482,90184,1,0
3483,90214,1,0
3484,90241,1,0
3485,90263,1,0
3486,90280,1,0
3487,90282,1,0
3488,90296,1,0
3489,90037,1,0
3490,90086,1,0
3491,90304,1,0
3492,90310,1,0
3493,90333,1,0
3494,90394,1,0
3495,90538,1,0
3496,90091,1,0
3497,90138,1,0
3498,90227,1,0
3499,90233,1,0
3500,90258,1,0
3501,90260,1,0
3502,90348,1,0
3503,90352,1,0
3504,90454,1,0
3505,90483,1,0
3506,90167,1,0
3507,90216,1,0
3508,90355,1,0
3509,90446,1,0
3510,90461,1,0
3511,90472,1,0
3512,90475,1,0
3513,90497,1,0
3514,90547,1,0
3515,90016,1,0
3516,90040,1,0
3517,90078,1,0
3518,90081,1,0
3519,90099,1,0
3520,90205,1,0
3521,90333,1,0
3522,90405,1,0
3523,90427,1,0
3524,90485,1,0
3525,90078,1,0
3526,90093,1,0
3527,90096,1,0
3528,90238,1,0
3529,90281,1,0
3530,90306,1,0
3531,90357,1,0
3532,90376,1,0
3533,90396,1,0
3534,90437,1,0
3535,90517,1,0
3536,90131,1,0
3537,90160,1,0
3538,90405,1,0
3539,90444,1,0
3540,90005,1,0
3541,90033,1,0
3542,90453,1,0
3543,90484,1,0
3544,90501,1,0
3545,90529,1,0
3546,90545,1,0
3547,90555,1,0
3548,90259,1,0
3549,90278,1,0
3550,90299,1,0
3551,90306,1,0
3552,90319,1,0
3553,90380,1,0
3554,90440,1,0
3555,90489,1,0
3556,90504,1,0
3557,90091,1,0
3558,90123,1,0
3559,90125,1,0
3560,90229,1,0
3561,90305,1,0
3562,90422,1,0
3563,90104,1,0
3564,90132,1,0
3565,90196,1,0
3566,90224,1,0
3567,90237,1,0
3568,90394,1,0
3569,90413,1,0
3570,90414,1,0
3571,90444,1,0
3572,90447,1,0
3573,90486,1,0
3574,90042,1,0
3575,90078,1,0
3576,90203,1,0
3577,90236,1,0
3578,90258,1,0
3579,90326,1,0
3580,90332,1,0
3581,90424,1,0
3582,90055,1,0
3583,90287,1,0
3584,90309,1,0
3585,90343,1,0
3586,90371,1,0
3587,90075,1,0
3588,90154,1,0
3589,90204,1,0
3590,90206,1,0
3591,90233,1,0
3592,90315,1,0
3593,90399,1,0
3594,90410,1,0
3595,90452,1,0
3596,90506,1,0
3597,90005,1,0
3598,90055,1,0
3599,90063,1,0
3600,90129,1,0
3601,90249,1,0
3602,90346,1,0
3603,90470,1,0
3604,90028,1,0
3605,90047,1,0
3606,90130,1,0
3607,90182,1,0
3608,90197,1,0
3609,90227,1,0
3610,90278,1,0
3611,90360,1,0
3612,90481,1,0
3613,90025,1,0
3614,90152,1,0
3615,90320,1,0
3616,90325,1,0
3617,90424,1,0
3618,90425,1,0
3619,90477,1,0
3620,90507,1,0
3621,90530,1,0
3622,90067,1,0
3623,90093,1,0
3624,90156,1,0
3625,90339,1,0
3626,90397,1,0
3627,90418,1,0
3628,90507,1,0
3629,90003,1,0
3630,90090,1,0
3631,90121,1,0
3632,90143,1,0
3633,90145,1,0
3634,90205,1,0
3635,90218,1,0
3636,90244,1,0
3637,90358,1,0
3638,90438,1,0
3639,90530,1,0
3640,90003,1,0
3641,90064,1,0
3642,90082,1,0
3643,90188,1,0
3644,90199,1,0
3645,90249,1,0
3646,90404,1,0
3647,90482,1,0
3648,90502,1,0
3649,90074,1,0
3650,90090,1,0
3651,90162,1,0
3652,90294,1,0
3653,90349,1,0
3654,90441,1,0
3655,90501,1,0
3656,90007,1,0
3657,90068,1,0
3658,90087,1,0
3659,90154,1,0
3660,90375,1,0
3661,90396,1,0
3662,90428,1,0
3663,90144,1,0
3664,90276,1,0
3665,90294,1,0
3666,90356,1,0
3667,90363,1,0
3668,90023,1,0
3669,90060,1,0
3670,90094,1,0
3671,90114,1,0
3672,90160,1,0
3673,90222,1,0
3674,90317,1,0
3675,90364,1,0
3676,90499,1,0
3677,90047,1,0
3678,90110,1,0
3679,90135,1,0
3680,90168,1,0
3681,90193,1,0
3682,90197,1,0
3683,90270,1,0
3684,90387,1,0
3685,90429,1,0
3686,90480,1,0
3687,90482,1,0
3688,90503,1,0
3689,90547,1,0
3690,90557,1,0
3691,90293,1,0
3692,90349,1,0
3693,90378,1,0
3694,90486,1,0
3695,90526,1,0
3696,90558,1,0
3697,90080,1,0
3698,90091,1,0
3699,90100,1,0
3700,90125,1,0
3701,90155,1,0
3702,90291,1,0
3703,90346,1,0
3704,90449,1,0
3705,90566,1,0
3706,90006,1,0
3707,90017,1,0
3708,90073,1,0
3709,90119,1,0
3710,90123,1,0
3711,90145,1,0
3712,90269,1,0
3713,90283,1,0
3714,90321,1,0
3715,90455,1,0
3716,90473,1,0
3717,90004,1,0
3718,90060,1,0
3719,90072,1,0
3720,90082,1,0
3721,90086,1,0
3722,90234,1,0
3723,90295,1,0
3724,90388,1,0
3725,90439,1,0
3726,90462,1,0
3727,90465,1,0
3728,90486,1,0
3729,90559,1,0
3730,90078,1,0
3731,90126,1,0
3732,90236,1,0
3733,90282,1,0
3734,90293,1,0
3735,90320,1,0
3736,90360,1,0
3737,90427,1,0
3738,90455,1,0
3739,90466,1,0
3740,90472,1,0
3741,90514,1,0
3742,90519,1,0
3743,90534,1,0
3744,90553,1,0
3745,90087,1,0
3746,90144,1,0
3747,90182,1,0
3748,90289,1,0
3749,90414,1,0
3750,90424,1,0
3751,90433,1,0
3752,90452,1,0
3753,90507,1,0
3754,90546,1,0
3755,90096,1,0
3756,90108,1,0
3757,90124,1,0
3758,90175,1,0
3759,90238,1,0
3760,90268,1,0
3761,90139,1,0
3762,90187,1,0
3763,90365,1,0
3764,90452,1,0
3765,90183,1,0
3766,90212,1,0
3767,90351,1,0
3768,90387,1,0
3769,90405,1,0
3770,90456,1,0
3771,90530,1,0
3772,90026,1,0
3773,90101,1,0
3774,90284,1,0
3775,90352,1,0
3776,90400,1,0
3777,90452,1,0
3778,90556,1,0
3779,90050,1,0
3780,90105,1,0
3781,90117,1,0
3782,90149,1,0
3783,90296,1,0
3784,90358,1,0
3785,90419,1,0
3786,90482,1,0
3787,90497,1,0
3788,90049,1,0
3789,90131,1,0
3790,90272,1,0
3791,90317,1,0
3792,90334,1,0
3793,90335,1,0
3794,90419,1,0
3795,90448,1,0
3796,90484,1,0
3797,90545,1,0
3798,90560,1,0
3799,90150,1,0
3800,90187,1,0
3801,90201,1,0
3802,90212,1,0
3803,90256,1,0
3804,90318,1,0
3805,90398,1,0
3806,90465,1,0
3807,90494,1,0
3808,90500,1,0
3809,90107,1,0
3810,90112,1,0
3811,90137,1,0
3812,90328,1,0
3813,90410,1,0
3814,90502,1,0
3815,90055,1,0
3816,90063,1,0
3817,90130,1,0
3818,90169,1,0
3819,90187,1,0
3820,90248,1,0
3821,90266,1,0
3822,90424,1,0
3823,90110,1,0
3824,90156,1,0
3825,90205,1,0
3826,90239,1,0
3827,90246,1,0
3828,90315,1,0
3829,90325,1,0
3830,90332,1,0
3831,90340,1,0
3832,90518,1,0
3833,90030,1,0
3834,90063,1,0
3835,90116,1,0
3836,90135,1,0
3837,90174,1,0
3838,90176,1,0
3839,90184,1,0
3840,90281,1,0
3841,90385,1,0
3842,90478,1,0
3843,90493,1,0
3844,90520,1,0
3845,90548,1,0
3846,90059,1,0
3847,90167,1,0
3848,90259,1,0
3849,90300,1,0
3850,90360,1,0
3851,90442,1,0
3852,90448,1,0
3853,90471,1,0
3854,90021,1,0
3855,90060,1,0
3856,90314,1,0
3857,90341,1,0
3858,90405,1,0
3859,90566,1,0
3860,90004,1,0
3861,90098,1,0
3862,90238,1,0
3863,90268,1,0
3864,90330,1,0
3865,90340,1,0
3866,90366,1,0
3867,90409,1,0
3868,90421,1,0
3869,90439,1,0
3870,90469,1,0
3871,90474,1,0
3872,90544,1,0
3873,90031,1,0
3874,90111,1,0
3875,90125,1,0
3876,90133,1,0
3877,90153,1,0
3878,90154,1,0
3879,90187,1,0
3880,90224,1,0
3881,90377,1,0
3882,90415,1,0
3883,90446,1,0
3884,90524,1,0
3885,90540,1,0
3886,90550,1,0
3887,90018,1,0
3888,90324,1,0
3889,90375,1,0
3890,90393,1,0
3891,90457,1,0
3892,90545,1,0
3893,90067,1,0
3894,90141,1,0
3895,90150,1,0
3896,90174,1,0
3897,90275,1,0
3898,90276,1,0
3899,90297,1,0
3900,90340,1,0
3901,90371,1,0
3902,90005,1,0
3903,90053,1,0
3904,90158,1,0
3905,90182,1,0
3906,90279,1,0
3907,90283,1,0
3908,90390,1,0
3909,90407,1,0
3910,90430,1,0
3911,90445,1,0
3912,90469,1,0
3913,90475,1,0
3914,90511,1,0
3915,90024,1,0
3916,90092,1,0
3917,90286,1,0
3918,90321,1,0
3919,90332,1,0
3920,90393,1,0
3921,90451,1,0
3922,90455,1,0
3923,90476,1,0
3924,90026,1,0
3925,90052,1,0
3926,90073,1,0
3927,90181,1,0
3928,90222,1,0
3929,90293,1,0
3930,90358,1,0
3931,90467,1,0
3932,90468,1,0
3933,90480,1,0
3934,90026,1,0
3935,90200,1,0
3936,90203,1,0
3937,90230,1,0
3938,90256,1,0
3939,90333,1,0
3940,90365,1,0
3941,90396,1,0
3942,90424,1,0
3943,90455,1,0
3944,90028,1,0
3945,90079,1,0
3946,90092,1,0
3947,90097,1,0
3948,90133,1,0
3949,90235,1,0
3950,90264,1,0
3951,90510,1,0
3952,90102,1,0
3953,90150,1,0
3954,90171,1,0
3955,90181,1,0
3956,90254,1,0
3957,90311,1,0
3958,90534,1,0
3959,90015,1,0
3960,90075,1,0
3961,90171,1,0
3962,90292,1,0
3963,90396,1,0
3964,90495,1,0
3965,90536,1,0
3966,90037,1,0
3967,90056,1,0
3968,90141,1,0
3969,90142,1,0
3970,90263,1,0
3971,90375,1,0
3972,90440,1,0
3973,90468,1,0
3974,90063,1,0
3975,90109,1,0
3976,90169,1,0
3977,90240,1,0
3978,90262,1,0
3979,90335,1,0
3980,90475,1,0
3981,90514,1,0
3982,90033,1,0
3983,90098,1,0
3984,90239,1,0
3985,90330,1,0
3986,90468,1,0
3987,90508,1,0
3988,90524,1,0
3989,90003,1,0
3990,90070,1,0
3991,90116,1,0
3992,90124,1,0
3993,90266,1,0
3994,90290,1,0
3995,90417,1,0
3996,90504,1,0
3997,90509,1,0
3998,90562,1,0
3999,90015,1,0
4000,90135,1,0
4001,90221,1,0
4002,90228,1,0
4003,90266,1,0
4004,90273,1,0
4005,90292,1,0
4006,90372,1,0
4007,90136,1,0
4008,90188,1,0
4009,90360,1,0
4010,90372,1,0
4011,90507,1,0
4012,90539,1,0
4013,90547,1,0
4014,90060,1,0
4015,90086,1,0
4016,90157,1,0
4017,90240,1,0
4018,90378,1,0
4019,90509,1,0
4020,90548,1,0
4021,90560,1,0
4022,90016,1,0
4023,90094,1,0
4024,90194,1,0
4025,90282,1,0
4026,90326,1,0
4027,90406,1,0
4028,90454,1,0
4029,90566,1,0
4030,90006,1,0
4031,90128,1,0
4032,90266,1,0
4033,90272,1,0
4034,90276,1,0
4035,90284,1,0
4036,90290,1,0
4037,90384,1,0
4038,90466,1,0
4039,90499,1,0
4040,90527,1,0
4041,90545,1,0
4042,90009,1,0
4043,90029,1,0
4044,90085,1,0
4045,90135,1,0
4046,90161,1,0
4047,90210,1,0
4048,90352,1,0
4049,90387,1,0
4050,90542,1,0
4051,90121,1,0
4052,90124,1,0
4053,90137,1,0
4054,90214,1,0
4055,90280,1,0
4056,90341,1,0
4057,90377,1,0
4058,90408,1,0
4059,90459,1,0
4060,90518,1,0
4061,90185,1,0
4062,90307,1,0
4063,90310,1,0
4064,90498,1,0
4065,90541,1,0
4066,90003,1,0
4067,90031,1,0
4068,90212,1,0
4069,90217,1,0
4070,90286,1,0
4071,90333,1,0
4072,90386,1,0
4073,90465,1,0
4074,90496,1,0
4075,90519,1,0
4076,90048,1,0
4077,90279,1,0
4078,90291,1,0
4079,90302,1,0
4080,90417,1,0
4081,90428,1,0
4082,90447,1,0
4083,90043,1,0
4084,90148,1,0
4085,90151,1,0
4086,90315,1,0
4087,90365,1,0
4088,90465,1,0
4089,90556,1,0
4090,90005,1,0
4091,90020,1,0
4092,90047,1,0
4093,90147,1,0
4094,90249,1,0
4095,90299,1,0
4096,90470,1,0
4097,90476,1,0
4098,90477,1,0
4099,90480,1,0
4100,90060,1,0
4101,90069,1,0
4102,90196,1,0
4103,90200,1,0
4104,90223,1,0
4105,90227,1,0
4106,90274,1,0
4107,90311,1,0
4108,90480,1,0
4109,90514,1,0
4110,90538,1,0
4111,90056,1,0
4112,90081,1,0
4113,90106,1,0
4114,90110,1,0
4115,90150,1,0
4116,90271,1,0
4117,90543,1,0
4118,90142,1,0
4119,90325,1,0
4120,90514,1,0
4121,90004,1,0
4122,90095,1,0
4123,90141,1,0
4124,90163,1,0
4125,90291,1,0
4126,90323,1,0
4127,90464,1,0
4128,90478,1,0
4129,90552,1,0
4130,90132,1,0
4131,90149,1,0
4132,90171,1,0
4133,90288,1,0
4134,90331,1,0
4135,90339,1,0
4136,90385,1,0
4137,90396,1,0
4138,90411,1,0
4139,90439,1,0
4140,90493,1,0
4141,90512,1,0
4142,90544,1,0
4143,90031,1,0
4144,90042,1,0
4145,90107,1,0
4146,90114,1,0
4147,90160,1,0
4148,90311,1,0
4149,90314,1,0
4150,90337,1,0
4151,90392,1,0
4152,90487,1,0
4153,90060,1,0
4154,90065,1,0
4155,90125,1,0
4156,90235,1,0
4157,90281,1,0
4158,90310,1,0
4159,90374,1,0
4160,90388,1,0
4161,90408,1,0
4162,90417,1,0
4163,90047,1,0
4164,90074,1,0
4165,90120,1,0
4166,90236,1,0
4167,90237,1,0
4168,90241,1,0
4169,90328,1,0
4170,90365,1,0
4171,90368,1,0
4172,90449,1,0
4173,90503,1,0
4174,90559,1,0
4175,90115,1,0
4176,90117,1,0
4177,90212,1,0
4178,90236,1,0
4179,90332,1,0
4180,90338,1,0
4181,90345,1,0
4182,90488,1,0
4183,90534,1,0
4184,90128,1,0
4185,90170,1,0
4186,90174,1,0
4187,90208,1,0
4188,90416,1,0
4189,90436,1,0
4190,90047,1,0
4191,90114,1,0
4192,90201,1,0
4193,90218,1,0
4194,90301,1,0
4195,90309,1,0
4196,90312,1,0
4197,90422,1,0
4198,90510,1,0
4199,90516,1,0
4200,90524,1,0
4201,90055,1,0
4202,90116,1,0
4203,90120,1,0
4204,90253,1,0
4205,90378,1,0
4206,90458,1,0
4207,90537,1,0
4208,90550,1,0
4209,90558,1,0
4210,90007,1,0
4211,90096,1,0
4212,90149,1,0
4213,90275,1,0
4214,90301,1,0
4215,90309,1,0
4216,90367,1,0
4217,90511,1,0
4218,90540,1,0
4219,90563,1,0
4220,90007,1,0
4221,90055,1,0
4222,90086,1,0
4223,90102,1,0
4224,90203,1,0
4225,90261,1,0
4226,90270,1,0
4227,90428,1,0
4228,90490,1,0
4229,90532,1,0
4230,90538,1,0
4231,90144,1,0
4232,90152,1,0
4233,90205,1,0
4234,90262,1,0
4235,90315,1,0
4236,90408,1,0
4237,90424,1,0
4238,90021,1,0
4239,90232,1,0
4240,90331,1,0
4241,90431,1,0
4242,90467,1,0
4243,90123,1,0
4244,90135,1,0
4245,90327,1,0
4246,90339,1,0
4247,90405,1,0
4248,90507,1,0
4249,90550,1,0
4250,90038,1,0
4251,90045,1,0
4252,90108,1,0
4253,90289,1,0
4254,90406,1,0
4255,90512,1,0
4256,90009,1,0
4257,90028,1,0
4258,90196,1,0
4259,90230,1,0
4260,90240,1,0
4261,90255,1,0
4262,90264,1,0
4263,90346,1,0
4264,90414,1,0
4265,90421,1,0
4266,90559,1,0
4267,90033,1,0
4268,90038,1,0
4269,90074,1,0
4270,90078,1,0
4271,90253,1,0
4272,90325,1,0
4273,90511,1,0
4274,90537,1,0
4275,90197,1,0
4276,90328,1,0
4277,90454,1,0
4278,90460,1,0
4279,90472,1,0
4280,90475,1,0
4281,90501,1,0
4282,90509,1,0
4283,90555,1,0
4284,90016,1,0
4285,90146,1,0
4286,90161,1,0
4287,90206,1,0
4288,90286,1,0
4289,90304,1,0
4290,90404,1,0
4291,90013,1,0
4292,90051,1,0
4293,90052,1,0
4294,90066,1,0
4295,90114,1,0
4296,90280,1,0
4297,90334,1,0
4298,90069,1,0
4299,90109,1,0
4300,90148,1,0
4301,90228,1,0
4302,90374,1,0
4303,90443,1,0
4304,90494,1,0
4305,90511,1,0
4306,90257,1,0
4307,90331,1,0
4308,90347,1,0
4309,90375,1,0
4310,90391,1,0
4311,90393,1,0
4312,90402,1,0
4313,90420,1,0
4314,90514,1,0
4315,90558,1,0
4316,90003,1,0
4317,90125,1,0
4318,90266,1,0
4319,90311,1,0
4320,90416,1,0
4321,90471,1,0
4322,90561,1,0
4323,90001,1,0
4324,90257,1,0
4325,90398,1,0
4326,90467,1,0
4327,90511,1,0
4328,90004,1,0
4329,90013,1,0
4330,90077,1,0
4331,90092,1,0
4332,90232,1,0
4333,90255,1,0
4334,90270,1,0
4335,90558,1,0
4336,90565,1,0
4337,90087,1,0
4338,90115,1,0
4339,90126,1,0
4340,90175,1,0
4341,90211,1,0
4342,90284,1,0
4343,90333,1,0
4344,90362,1,0
4345,90563,1,0
4346,90016,1,0
4347,90082,1,0
4348,90125,1,0
4349,90143,1,0
4350,90426,1,0
4351,90552,1,0
4352,90566,1,0
4353,90073,1,0
4354,90090,1,0
4355,90153,1,0
4356,90199,1,0
4357,90209,1,0
4358,90256,1,0
4359,90300,1,0
4360,90370,1,0
4361,90486,1,0
4362,90059,1,0
4363,90064,1,0
4364,90065,1,0
4365,90077,1,0
4366,90325,1,0
4367,90332,1,0
4368,90561,1,0
4369,90090,1,0
4370,90104,1,0
4371,90196,1,0
4372,90233,1,0
4373,90288,1,0
4374,90324,1,0
4375,90333,1,0
4376,90357,1,0
4377,90429,1,0
4378,90042,1,0
4379,90053,1,0
4380,90064,1,0
4381,90167,1,0
4382,90200,1,0
4383,90208,1,0
4384,90265,1,0
4385,90344,1,0
4386,90376,1,0
4387,90106,1,0
4388,90110,1,0
4389,90161,1,0
4390,90201,1,0
4391,90204,1,0
4392,90275,1,0
4393,90376,1,0
4394,90035,1,0
4395,90066,1,0
4396,90077,1,0
4397,90126,1,0
4398,90142,1,0
4399,90239,1,0
4400,90254,1,0
4401,90257,1,0
4402,90264,1,0
4403,90320,1,0
4404,90353,1,0
4405,90368,1,0
4406,90480,1,0
4407,90542,1,0
4408,90071,1,0
4409,90078,1,0
4410,90105,1,0
4411,90126,1,0
4412,90322,1,0
4413,90357,1,0
4414,90438,1,0
4415,90448,1,0
4416,90551,1,0
4417,90566,1,0
4418,90184,1,0
4419,90194,1,0
4420,90321,1,0
4421,90341,1,0
4422,90390,1,0
4423,90432,1,0
4424,90443,1,0
4425,90016,1,0
4426,90055,1,0
4427,90085,1,0
4428,90129,1,0
4429,90283,1,0
4430,90361,1,0
4431,90371,1,0
4432,90521,1,0
4433,90527,1,0
4434,90531,1,0
4435,90563,1,0
4436,90128,1,0
4437,90190,1,0
4438,90276,1,0
4439,90371,1,0
4440,90394,1,0
4441,90014,1,0
4442,90031,1,0
4443,90170,1,0
4444,90261,1,0
4445,90287,1,0
4446,90291,1,0
4447,90387,1,0
4448,90486,1,0
4449,90531,1,0
4450,90185,1,0
4451,90276,1,0
4452,90281,1,0
4453,90359,1,0
4454,90483,1,0
4455,90500,1,0
4456,90548,1,0
4457,90007,1,0
4458,90047,1,0
4459,90190,1,0
4460,90266,1,0
4461,90271,1,0
4462,90336,1,0
4463,90427,1,0
4464,90497,1,0
4465,90501,1,0
4466,90019,1,0
4467,90083,1,0
4468,90109,1,0
4469,90143,1,0
4470,90151,1,0
4471,90184,1,0
4472,90228,1,0
4473,90232,1,0
4474,90340,1,0
4475,90382,1,0
4476,90407,1,0
4477,90498,1,0
4478,90559,1,0
4479,90097,1,0
4480,90114,1,0
4481,90138,1,0
4482,90202,1,0
4483,90219,1,0
4484,90349,1,0
4485,90353,1,0
4486,90416,1,0
4487,90479,1,0
4488,90526,1,0
4489,90016,1,0
4490,90045,1,0
4491,90057,1,0
4492,90117,1,0
4493,90214,1,0
4494,90255,1,0
4495,90094,1,0
4496,90280,1,0
4497,90357,1,0
4498,90469,1,0
4499,90524,1,0
4500,90542,1,0
4501,90063,1,0
4502,90068,1,0
4503,90152,1,0
4504,90159,1,0
4505,90388,1,0
4506,90481,1,0
4507,90486,1,0
4508,90522,1,0
4509,90545,1,0
4510,90024,1,0
4511,90086,1,0
4512,90104,1,0
4513,90175,1,0
4514,90366,1,0
4515,90167,1,0
4516,90278,1,0
4517,90338,1,0
4518,90409,1,0
4519,90453,1,0
4520,90466,1,0
4521,90508,1,0
4522,90101,1,0
4523,90112,1,0
4524,90212,1,0
4525,90267,1,0
4526,90341,1,0
4527,90385,1,0
4528,90419,1,0
4529,90451,1,0
4530,90013,1,0
4531,90155,1,0
4532,90202,1,0
4533,90220,1,0
4534,90233,1,0
4535,90348,1,0
4536,90355,1,0
4537,90369,1,0
4538,90370,1,0
4539,90391,1,0
4540,90500,1,0
4541,90504,1,0
4542,90003,1,0
4543,90034,1,0
4544,90055,1,0
4545,90061,1,0
4546,90274,1,0
4547,90416,1,0
4548,90220,1,0
4549,90337,1,0
4550,90026,1,0
4551,90044,1,0
4552,90058,1,0
4553,90144,1,0
4554,90161,1,0
4555,90262,1,0
4556,90267,1,0
4557,90314,1,0
4558,90480,1,0
4559,90481,1,0
4560,90513,1,0
4561,90539,1,0
4562,90007,1,0
4563,90090,1,0
4564,90159,1,0
4565,90194,1,0
4566,90200,1,0
4567,90221,1,0
4568,90290,1,0
4569,90307,1,0
4570,90411,1,0
4571,90452,1,0
4572,90229,1,0
4573,90267,1,0
4574,90273,1,0
4575,90503,1,0
4576,90010,1,0
4577,90019,1,0
4578,90160,1,0
4579,90169,1,0
4580,90203,1,0
4581,90262,1,0
4582,90447,1,0
4583,90174,1,0
4584,90182,1,0
4585,90339,1,0
4586,90460,1,0
4587,90014,1,0
4588,90030,1,0
4589,90080,1,0
4590,90151,1,0
4591,90229,1,0
4592,90248,1,0
4593,90270,1,0
4594,90315,1,0
4595,90381,1,0
4596,90400,1,0
4597,90408,1,0
4598,90549,1,0
4599,90308,1,0
4600,90467,1,0
4601,90516,1,0
4602,90546,1,0
4603,90043,1,0
4604,90126,1,0
4605,90131,1,0
4606,90194,1,0
4607,90248,1,0
4608,90252,1,0
4609,90253,1,0
4610,90295,1,0
4611,90340,1,0
4612,90038,1,0
4613,90100,1,0
4614,90213,1,0
4615,90262,1,0
4616,90388,1,0
4617,90431,1,0
4618,90501,1,0
4619,90517,1,0
4620,90002,1,0
4621,90004,1,0
4622,90035,1,0
4623,90072,1,0
4624,90168,1,0
4625,90246,1,0
4626,90252,1,0
4627,90412,1,0
4628,90072,1,0
4629,90120,1,0
4630,90244,1,0
4631,90461,1,0
4632,90006,1,0
4633,90094,1,0
4634,90101,1,0
4635,90183,1,0
4636,90225,1,0
4637,90283,1,0
4638,90339,1,0
4639,90383,1,0
4640,90388,1,0
4641,90551,1,0
4642,90234,1,0
4643,90391,1,0
4644,90520,1,0
4645,90521,1,0
4646,90548,1,0
4647,90033,1,0
4648,90090,1,0
4649,90234,1,0
4650,90259,1,0
4651,90334,1,0
4652,90371,1,0
4653,90396,1,0
4654,90563,1,0
4655,90066,1,0
4656,90076,1,0
4657,90185,1,0
4658,90240,1,0
4659,90271,1,0
4660,90307,1,0
4661,90356,1,0
4662,90394,1,0
4663,90470,1,0
4664,90480,1,0
4665,90495,1,0
4666,90531,1,0
4667,90017,1,0
4668,90023,1,0
4669,90057,1,0
4670,90071,1,0
4671,90099,1,0
4672,90119,1,0
4673,90137,1,0
4674,90179,1,0
4675,90187,1,0
4676,90262,1,0
4677,90266,1,0
4678,90352,1,0
4679,90355,1,0
4680,90437,1,0
4681,90537,1,0
4682,90039,1,0
4683,90160,1,0
4684,90240,1,0
4685,90244,1,0
4686,90290,1,0
4687,90333,1,0
4688,90360,1,0
4689,90399,1,0
4690,90097,1,0
4691,90133,1,0
4692,90153,1,0
4693,90284,1,0
4694,90301,1,0
4695,90463,1,0
4696,90468,1,0
4697,90512,1,0
4698,90543,1,0
4699,90029,1,0
4700,90048,1,0
4701,90060,1,0
4702,90291,1,0
4703,90062,1,0
4704,90197,1,0
4705,90229,1,0
4706,90268,1,0
4707,90327,1,0
4708,90365,1,0
4709,90427,1,0
4710,90478,1,0
4711,90007,1,0
4712,90035,1,0
4713,90082,1,0
4714,90138,1,0
4715,90260,1,0
4716,90299,1,0
4717,90328,1,0
4718,90402,1,0
4719,90040,1,0
4720,90112,1,0
4721,90132,1,0
4722,90283,1,0
4723,90286,1,0
4724,90302,1,0
4725,90393,1,0
4726,90416,1,0
4727,90437,1,0
4728,90460,1,0
4729,90468,1,0
4730,90556,1,0
4731,90557,1,0
4732,90181,1,0
4733,90205,1,0
4734,90313,1,0
4735,90314,1,0
4736,90439,1,0
4737,90460,1,0
4738,90467,1,0
4739,90531,1,0
4740,90128,1,0
4741,90142,1,0
4742,90152,1,0
4743,90224,1,0
4744,90265,1,0
4745,90325,1,0
4746,90348,1,0
4747,90393,1,0
4748,90127,1,0
4749,90151,1,0
4750,90154,1,0
4751,90167,1,0
4752,90176,1,0
4753,90200,1,0
4754,90201,1,0
4755,90275,1,0
4756,90280,1,0
4757,90407,1,0
4758,90126,1,0
4759,90132,1,0
4760,90188,1,0
4761,90310,1,0
4762,90325,1,0
4763,90331,1,0
4764,90402,1,0
4765,90023,1,0
4766,90173,1,0
4767,90212,1,0
4768,90309,1,0
4769,90345,1,0
4770,90356,1,0
4771,90383,1,0
4772,90460,1,0
4773,90547,1,0
4774,90041,1,0
4775,90096,1,0
4776,90102,1,0
4777,90151,1,0
4778,90210,1,0
4779,90232,1,0
4780,90502,1,0
4781,90516,1,0
4782,90559,1,0
4783,90119,1,0
4784,90127,1,0
4785,90140,1,0
4786,90171,1,0
4787,90293,1,0
4788,90400,1,0
4789,90425,1,0
4790,90457,1,0
4791,90564,1,0
4792,90087,1,0
4793,90129,1,0
4794,90143,1,0
4795,90237,1,0
4796,90249,1,0
4797,90320,1,0
4798,90445,1,0
4799,90071,1,0
4800,90146,1,0
4801,90149,1,0
4802,90274,1,0
4803,90336,1,0
4804,90394,1,0
4805,90403,1,0
4806,90404,1,0
4807,90417,1,0
4808,90435,1,0
4809,90449,1,0
4810,90474,1,0
4811,90058,1,0
4812,90103,1,0
4813,90202,1,0
4814,90305,1,0
4815,90561,1,0
4816,90045,1,0
4817,90085,1,0
4818,90088,1,0
4819,90091,1,0
4820,90135,1,0
4821,90244,1,0
4822,90505,1,0
4823,90029,1,0
4824,90115,1,0
4825,90323,1,0
4826,90332,1,0
4827,90409,1,0
4828,90048,1,0
4829,90151,1,0
4830,90404,1,0
4831,90425,1,0
4832,90552,1,0
4833,90024,1,0
4834,90171,1,0
4835,90179,1,0
4836,90333,1,0
4837,90373,1,0
4838,90426,1,0
4839,90474,1,0
4840,90483,1,0
4841,90485,1,0
4842,90502,1,0
4843,90510,1,0
4844,90534,1,0
4845,90041,1,0
4846,90165,1,0
4847,90168,1,0
4848,90254,1,0
4849,90262,1,0
4850,90356,1,0
4851,90358,1,0
4852,90381,1,0
4853,90392,1,0
4854,90279,1,0
4855,90376,1,0
4856,90424,1,0
4857,90436,1,0
4858,90473,1,0
4859,90519,1,0
4860,90144,1,0
4861,90315,1,0
4862,90430,1,0
4863,90477,1,0
4864,90507,1,0
4865,90562,1,0
4866,90564,1,0
4867,90064,1,0
4868,90080,1,0
4869,90130,1,0
4870,90157,1,0
4871,90279,1,0
4872,90283,1,0
4873,90285,1,0
4874,90527,1,0
4875,90055,1,0
4876,90149,1,0
4877,90191,1,0
4878,90246,1,0
4879,90325,1,0
4880,90386,1,0
4881,90077,1,0
4882,90270,1,0
4883,90274,1,0
4884,90407,1,0
4885,90525,1,0
4886,90106,1,0
4887,90230,1,0
4888,90280,1,0
4889,90500,1,0
4890,90504,1,0
4891,90019,1,0
4892,90039,1,0
4893,90073,1,0
4894,90118,1,0
4895,90154,1,0
4896,90278,1,0
4897,90311,1,0
4898,90410,1,0
4899,90022,1,0
4900,90080,1,0
4901,90239,1,0
4902,90268,1,0
4903,90271,1,0
4904,90323,1,0
4905,90326,1,0
4906,90385,1,0
4907,90009,1,0
4908,90040,1,0
4909,90047,1,0
4910,90109,1,0
4911,90144,1,0
4912,90171,1,0
4913,90175,1,0
4914,90229,1,0
4915,90231,1,0
4916,90302,1,0
4917,90370,1,0
4918,90376,1,0
4919,90449,1,0
4920,90470,1,0
4921,90504,1,0
